,date,kot,round_type,round,home_team,away_team,home_position,away_position,underdog,home_score,away_score,referee,stadium,attendance,season,home_won,away_won,draw,derby,while_world_cup,kot_15_16,kot_16_17,kot_17_18,kot_18_19,kot_19_20,kot_20_21,kot_21_22,kot_22_23,while_champion_league,while_european_games,home_key,away_key,home_promoted,home_league_pts,home_is_relegated,home_is_champion,home_pos_b4_game,away_promoted,away_league_pts,away_is_relegated,away_is_champion,away_pos_b4_game
0,2022-08-20,1900-01-01 18:30:00,Regular Season,1,Hapoel Haifa,Hapoel Tel Aviv,3,11,Hapoel Tel Aviv,2,0,Orel Grinfeld,Sammy Ofer Stadium,7450,2022,1,0,0,0,0,False,False,False,True,False,False,False,False,0,1,2022 - Regular Season - 1 - Hapoel Haifa,2022 - Regular Season - 1 - Hapoel Tel Aviv,0,3,,,0,0,0,,,0
1,2022-08-20,1900-01-01 20:00:00,Regular Season,1,Hapoel Jerusalem,Hapoel Hadera,7,8,Hapoel Hadera,1,1,Aviad Shiloah,HaMoshava Stadium,1390,2022,0,0,1,0,0,False,False,False,False,False,True,False,False,0,1,2022 - Regular Season - 1 - Hapoel Jerusalem,2022 - Regular Season - 1 - Hapoel Hadera,0,1,,,0,0,1,,,0
2,2022-08-20,1900-01-01 20:30:00,Regular Season,1,Maccabi Netanya,Beitar Jerusalem,2,13,Beitar Jerusalem,4,1,Roi Reinshreiber,Netanya Stadium,10050,2022,1,0,0,0,0,False,False,False,False,False,True,False,False,0,1,2022 - Regular Season - 1 - Maccabi Netanya,2022 - Regular Season - 1 - Beitar Jerusalem,0,3,,,0,0,0,,,0
3,2022-08-21,1900-01-01 20:15:00,Regular Season,1,Maccabi Tel Aviv,Maccabi Bnei Reineh,1,14,Maccabi Bnei Reineh,5,0,Igal Frid,Bloomfield,17750,2022,1,0,0,0,0,False,False,False,False,False,True,False,False,0,1,2022 - Regular Season - 1 - Maccabi Tel Aviv,2022 - Regular Season - 1 - Maccabi Bnei Reineh,0,3,,,0,1,0,,,0
4,2022-08-22,1900-01-01 19:00:00,Regular Season,1,Sekzia Ness Ziona,Ironi Kiryat Shmona,12,4,Sekzia Ness Ziona,0,2,Yoav Mizrahi,HaMoshava Stadium,250,2022,0,1,0,0,0,False,False,False,False,True,False,False,False,0,1,2022 - Regular Season - 1 - Sekzia Ness Ziona,2022 - Regular Season - 1 - Ironi Kiryat Shmona,1,0,,,0,0,3,,,0
5,2022-08-30,1900-01-01 20:15:00,Regular Season,1,Ihud Bnei Sakhnin,Maccabi Haifa,10,6,Ihud Bnei Sakhnin,0,1,Gal Leibovitz,Doha Stadium,4213,2022,0,1,0,0,0,False,False,False,False,False,True,False,False,0,1,2022 - Regular Season - 1 - Ihud Bnei Sakhnin,2022 - Regular Season - 1 - Maccabi Haifa,0,0,,,0,0,3,,,0
6,2022-08-31,1900-01-01 19:45:00,Regular Season,1,Hapoel Beer Sheva,FC Ashdod,9,5,Hapoel Beer Sheva,1,2,David Fucsman,Toto Jacob Turner Stadium,11045,2022,0,1,0,0,0,False,False,False,False,True,False,False,False,0,1,2022 - Regular Season - 1 - Hapoel Beer Sheva,2022 - Regular Season - 1 - FC Ashdod,0,0,,,0,0,3,,,0
7,2022-08-27,1900-01-01 18:00:00,Regular Season,2,Ironi Kiryat Shmona,Hapoel Jerusalem,5,9,Hapoel Jerusalem,1,1,Nael Odeh,Kiryat Shmona Municipal Stadium,1292,2022,0,0,1,0,0,False,False,False,True,False,False,False,False,0,1,2022 - Regular Season - 2 - Ironi Kiryat Shmona,2022 - Regular Season - 2 - Hapoel Jerusalem,0,4,,,3,0,2,,,8
8,2022-08-27,1900-01-01 19:15:00,Regular Season,2,Hapoel Tel Aviv,Ihud Bnei Sakhnin,13,7,Hapoel Tel Aviv,0,2,Roi Reinshreiber,Bloomfield,9900,2022,0,1,0,0,0,False,False,False,False,True,False,False,False,0,1,2022 - Regular Season - 2 - Hapoel Tel Aviv,2022 - Regular Season - 2 - Ihud Bnei Sakhnin,0,0,,,11,0,3,,,10
9,2022-08-27,1900-01-01 20:00:00,Regular Season,2,Maccabi Haifa,Maccabi Netanya,2,8,Maccabi Netanya,4,1,Snir Levi,Sammy Ofer Stadium,28284,2022,1,0,0,0,0,False,False,False,False,False,True,False,False,0,1,2022 - Regular Season - 2 - Maccabi Haifa,2022 - Regular Season - 2 - Maccabi Netanya,0,6,,,6,0,3,,,2
10,2022-08-27,1900-01-01 20:15:00,Regular Season,2,FC Ashdod,Sekzia Ness Ziona,3,12,Sekzia Ness Ziona,1,0,Ohad Asulin,Yud-Alef Stadion,621,2022,1,0,0,0,0,False,False,False,False,False,True,False,False,0,1,2022 - Regular Season - 2 - FC Ashdod,2022 - Regular Season - 2 - Sekzia Ness Ziona,0,6,,,5,1,0,,,12
11,2022-08-28,1900-01-01 19:15:00,Regular Season,2,Maccabi Bnei Reineh,Hapoel Haifa,10,4,Maccabi Bnei Reineh,1,1,Shalom Ben Avraham,Green Stadium,1316,2022,0,0,1,0,0,False,False,False,False,True,False,False,False,0,1,2022 - Regular Season - 2 - Maccabi Bnei Reineh,2022 - Regular Season - 2 - Hapoel Haifa,1,1,,,14,0,4,,,4
12,2022-08-28,1900-01-01 20:15:00,Regular Season,2,Beitar Jerusalem,Hapoel Beer Sheva,14,6,Beitar Jerusalem,0,5,Orel Grinfeld,HaMoshava Stadium,10005,2022,0,1,0,0,0,False,False,False,False,False,True,False,False,0,1,2022 - Regular Season - 2 - Beitar Jerusalem,2022 - Regular Season - 2 - Hapoel Beer Sheva,0,0,,,13,0,3,,,9
13,2022-08-29,1900-01-01 20:15:00,Regular Season,2,Hapoel Hadera,Maccabi Tel Aviv,11,1,Hapoel Hadera,0,6,Idan Leiba,Netanya Stadium,8820,2022,0,1,0,0,0,False,False,False,False,False,True,False,False,0,1,2022 - Regular Season - 2 - Hapoel Hadera,2022 - Regular Season - 2 - Maccabi Tel Aviv,0,1,,,7,0,6,,,1
14,2022-09-03,1900-01-01 18:00:00,Regular Season,3,Maccabi Tel Aviv,Ironi Kiryat Shmona,1,7,Ironi Kiryat Shmona,3,1,Snir Levi,Bloomfield,24880,2022,1,0,0,0,0,False,False,False,True,False,False,False,False,0,1,2022 - Regular Season - 3 - Maccabi Tel Aviv,2022 - Regular Season - 3 - Ironi Kiryat Shmona,0,9,,,1,0,4,,,4
15,2022-09-03,1900-01-01 19:00:00,Regular Season,3,Hapoel Jerusalem,FC Ashdod,5,4,Hapoel Jerusalem,3,0,Niv Steif,HaMoshava Stadium,1209,2022,1,0,0,0,0,False,False,False,False,True,False,False,False,0,1,2022 - Regular Season - 3 - Hapoel Jerusalem,2022 - Regular Season - 3 - FC Ashdod,0,5,,,9,0,6,,,3
16,2022-09-03,1900-01-01 20:00:00,Regular Season,3,Hapoel Haifa,Ihud Bnei Sakhnin,6,3,Hapoel Haifa,1,2,Aviad Shiloah,Sammy Ofer Stadium,3100,2022,0,1,0,0,0,False,False,False,False,False,True,False,False,0,1,2022 - Regular Season - 3 - Hapoel Haifa,2022 - Regular Season - 3 - Ihud Bnei Sakhnin,0,4,,,5,0,6,,,7
17,2022-09-03,1900-01-01 20:15:00,Regular Season,3,Hapoel Beer Sheva,Maccabi Haifa,9,2,Hapoel Beer Sheva,1,2,Igal Frid,Toto Jacob Turner Stadium,14425,2022,0,1,0,0,0,False,False,False,False,False,True,False,False,0,1,2022 - Regular Season - 3 - Hapoel Beer Sheva,2022 - Regular Season - 3 - Maccabi Haifa,0,3,,,6,0,9,,,2
18,2022-09-04,1900-01-01 19:00:00,Regular Season,3,Maccabi Bnei Reineh,Hapoel Hadera,13,8,Maccabi Bnei Reineh,1,2,Gal Levi,Green Stadium,766,2022,0,1,0,0,0,False,False,False,False,True,False,False,False,0,1,2022 - Regular Season - 3 - Maccabi Bnei Reineh,2022 - Regular Season - 3 - Hapoel Hadera,1,1,,,10,0,4,,,11
19,2022-09-04,1900-01-01 20:15:00,Regular Season,3,Sekzia Ness Ziona,Beitar Jerusalem,14,12,Sekzia Ness Ziona,0,3,Idan Leiba,HaMoshava Stadium,4833,2022,0,1,0,0,0,False,False,False,False,False,True,False,False,0,1,2022 - Regular Season - 3 - Sekzia Ness Ziona,2022 - Regular Season - 3 - Beitar Jerusalem,1,0,,,12,0,3,,,14
20,2022-09-05,1900-01-01 20:15:00,Regular Season,3,Maccabi Netanya,Hapoel Tel Aviv,10,11,Hapoel Tel Aviv,0,2,Eitan Shmuelevic,Netanya Stadium,8256,2022,0,1,0,0,0,False,False,False,False,False,True,False,False,0,1,2022 - Regular Season - 3 - Maccabi Netanya,2022 - Regular Season - 3 - Hapoel Tel Aviv,0,3,,,8,0,3,,,13
21,2022-09-10,1900-01-01 18:00:00,Regular Season,4,Maccabi Haifa,Sekzia Ness Ziona,1,14,Sekzia Ness Ziona,3,1,Erez Papir,Sammy Ofer Stadium,28456,2022,1,0,0,0,0,False,False,False,True,False,False,False,False,0,1,2022 - Regular Season - 4 - Maccabi Haifa,2022 - Regular Season - 4 - Sekzia Ness Ziona,0,12,,,2,1,0,,,14
22,2022-09-10,1900-01-01 19:30:00,Regular Season,4,Hapoel Hadera,Hapoel Haifa,9,7,Hapoel Hadera,1,1,Nael Odeh,Netanya Stadium,989,2022,0,0,1,0,0,False,False,False,False,True,False,False,False,0,1,2022 - Regular Season - 4 - Hapoel Hadera,2022 - Regular Season - 4 - Hapoel Haifa,0,5,,,8,0,5,,,6
23,2022-09-10,1900-01-01 19:30:00,Regular Season,4,Ihud Bnei Sakhnin,Maccabi Netanya,4,10,Maccabi Netanya,0,0,Shalom Ben Avraham,Doha Stadium,3180,2022,0,0,1,0,0,False,False,False,False,True,False,False,False,0,1,2022 - Regular Season - 4 - Ihud Bnei Sakhnin,2022 - Regular Season - 4 - Maccabi Netanya,0,7,,,3,0,4,,,10
24,2022-09-10,1900-01-01 20:15:00,Regular Season,4,FC Ashdod,Maccabi Tel Aviv,5,2,FC Ashdod,0,0,Orel Grinfeld,Yud-Alef Stadion,6054,2022,0,0,1,0,0,False,False,False,False,False,True,False,False,0,1,2022 - Regular Season - 4 - FC Ashdod,2022 - Regular Season - 4 - Maccabi Tel Aviv,0,7,,,4,0,10,,,1
25,2022-09-11,1900-01-01 20:15:00,Regular Season,4,Hapoel Tel Aviv,Hapoel Beer Sheva,11,6,Hapoel Tel Aviv,2,3,Gal Leibovitz,Bloomfield,10700,2022,0,1,0,0,0,False,False,False,False,False,True,False,False,0,1,2022 - Regular Season - 4 - Hapoel Tel Aviv,2022 - Regular Season - 4 - Hapoel Beer Sheva,0,3,,,11,0,6,,,9
26,2022-09-11,1900-01-01 20:45:00,Regular Season,4,Ironi Kiryat Shmona,Maccabi Bnei Reineh,8,13,Maccabi Bnei Reineh,1,1,Ohad Asulin,Kiryat Shmona Municipal Stadium,1700,2022,0,0,1,0,0,False,False,False,False,False,True,False,False,0,1,2022 - Regular Season - 4 - Ironi Kiryat Shmona,2022 - Regular Season - 4 - Maccabi Bnei Reineh,0,5,,,7,1,2,,,13
27,2022-09-12,1900-01-01 20:30:00,Regular Season,4,Beitar Jerusalem,Hapoel Jerusalem,12,3,Beitar Jerusalem,0,1,Eitan Shmuelevic,Teddy-Kollek-Stadion,19000,2022,0,1,0,1,0,False,False,False,False,False,True,False,False,0,1,2022 - Regular Season - 4 - Beitar Jerusalem,2022 - Regular Season - 4 - Hapoel Jerusalem,0,3,,,12,0,8,,,5
28,2022-09-17,1900-01-01 18:00:00,Regular Season,5,Sekzia Ness Ziona,Hapoel Tel Aviv,13,11,Sekzia Ness Ziona,4,3,Snir Levi,HaMoshava Stadium,4903,2022,1,0,0,0,0,False,False,False,True,False,False,False,False,0,1,2022 - Regular Season - 5 - Sekzia Ness Ziona,2022 - Regular Season - 5 - Hapoel Tel Aviv,1,3,,,14,0,3,,,11
29,2022-09-17,1900-01-01 19:30:00,Regular Season,5,Maccabi Bnei Reineh,FC Ashdod,12,5,Maccabi Bnei Reineh,1,1,Yoav Mizrahi,Green Stadium,1061,2022,0,0,1,0,0,False,False,False,False,True,False,False,False,0,1,2022 - Regular Season - 5 - Maccabi Bnei Reineh,2022 - Regular Season - 5 - FC Ashdod,1,3,,,13,0,8,,,5
30,2022-09-17,1900-01-01 20:00:00,Regular Season,5,Hapoel Haifa,Maccabi Netanya,7,10,Maccabi Netanya,0,0,Igal Frid,Sammy Ofer Stadium,2750,2022,0,0,1,0,0,False,False,False,False,False,True,False,False,0,1,2022 - Regular Season - 5 - Hapoel Haifa,2022 - Regular Season - 5 - Maccabi Netanya,0,6,,,7,0,5,,,10
31,2022-09-17,1900-01-01 20:30:00,Regular Season,5,Maccabi Tel Aviv,Beitar Jerusalem,1,14,Beitar Jerusalem,4,0,Roi Reinshreiber,Bloomfield,26043,2022,1,0,0,0,0,False,False,False,False,False,True,False,False,0,1,2022 - Regular Season - 5 - Maccabi Tel Aviv,2022 - Regular Season - 5 - Beitar Jerusalem,0,13,,,2,0,3,,,12
32,2022-09-18,1900-01-01 19:00:00,Regular Season,5,Hapoel Hadera,Ironi Kiryat Shmona,9,8,Hapoel Hadera,1,1,Niv Steif,Netanya Stadium,500,2022,0,0,1,0,0,False,False,False,False,True,False,False,False,0,1,2022 - Regular Season - 5 - Hapoel Hadera,2022 - Regular Season - 5 - Ironi Kiryat Shmona,0,6,,,9,0,6,,,8
33,2022-09-18,1900-01-01 20:00:00,Regular Season,5,Hapoel Beer Sheva,Ihud Bnei Sakhnin,4,6,Ihud Bnei Sakhnin,1,0,Idan Leiba,Toto Jacob Turner Stadium,10409,2022,1,0,0,0,0,False,False,False,False,False,True,False,False,0,1,2022 - Regular Season - 5 - Hapoel Beer Sheva,2022 - Regular Season - 5 - Ihud Bnei Sakhnin,0,9,,,6,0,7,,,4
34,2022-09-18,1900-01-01 20:15:00,Regular Season,5,Hapoel Jerusalem,Maccabi Haifa,3,2,Hapoel Jerusalem,3,0,Aviad Shiloah,Teddy-Kollek-Stadion,6831,2022,1,0,0,0,0,False,False,False,False,False,True,False,False,0,1,2022 - Regular Season - 5 - Hapoel Jerusalem,2022 - Regular Season - 5 - Maccabi Haifa,0,11,,,3,0,12,,,1
35,2022-10-01,1900-01-01 18:00:00,Regular Season,6,Ironi Kiryat Shmona,Hapoel Haifa,8,7,Ironi Kiryat Shmona,1,1,David Fucsman,Kiryat Shmona Municipal Stadium,2048,2022,0,0,1,0,0,False,False,False,True,False,False,False,False,0,1,2022 - Regular Season - 6 - Ironi Kiryat Shmona,2022 - Regular Season - 6 - Hapoel Haifa,0,7,,,8,0,7,,,7
36,2022-10-01,1900-01-01 19:15:00,Regular Season,6,FC Ashdod,Hapoel Hadera,6,9,Hapoel Hadera,1,1,Gal Leibovitz,Yud-Alef Stadion,695,2022,0,0,1,0,0,False,False,False,False,True,False,False,False,0,1,2022 - Regular Season - 6 - FC Ashdod,2022 - Regular Season - 6 - Hapoel Hadera,0,9,,,5,0,7,,,9
37,2022-10-01,1900-01-01 20:00:00,Regular Season,6,Maccabi Netanya,Hapoel Beer Sheva,11,4,Maccabi Netanya,1,2,Roi Reinshreiber,Netanya Stadium,5190,2022,0,1,0,0,0,False,False,False,False,False,True,False,False,0,1,2022 - Regular Season - 6 - Maccabi Netanya,2022 - Regular Season - 6 - Hapoel Beer Sheva,0,5,,,10,0,12,,,4
38,2022-10-01,1900-01-01 20:30:00,Regular Season,6,Maccabi Haifa,Maccabi Tel Aviv,1,3,Maccabi Tel Aviv,2,0,Eitan Shmuelevic,Sammy Ofer Stadium,29761,2022,1,0,0,0,0,False,False,False,False,False,True,False,False,0,1,2022 - Regular Season - 6 - Maccabi Haifa,2022 - Regular Season - 6 - Maccabi Tel Aviv,0,15,,,2,0,13,,,1
39,2022-10-02,1900-01-01 19:00:00,Regular Season,6,Ihud Bnei Sakhnin,Sekzia Ness Ziona,5,13,Sekzia Ness Ziona,2,0,Gal Levi,Doha Stadium,2100,2022,1,0,0,0,0,False,False,False,False,True,False,False,False,0,1,2022 - Regular Season - 6 - Ihud Bnei Sakhnin,2022 - Regular Season - 6 - Sekzia Ness Ziona,0,10,,,6,1,3,,,13
40,2022-10-02,1900-01-01 20:15:00,Regular Season,6,Hapoel Tel Aviv,Hapoel Jerusalem,12,2,Hapoel Tel Aviv,1,3,Niv Steif,Bloomfield,8700,2022,0,1,0,0,0,False,False,False,False,False,True,False,False,0,1,2022 - Regular Season - 6 - Hapoel Tel Aviv,2022 - Regular Season - 6 - Hapoel Jerusalem,0,3,,,11,0,14,,,3
41,2022-10-03,1900-01-01 20:15:00,Regular Season,6,Beitar Jerusalem,Maccabi Bnei Reineh,14,10,Beitar Jerusalem,2,3,Erez Papir,Bloomfield,8500,2022,0,1,0,0,0,False,False,False,False,False,True,False,False,0,1,2022 - Regular Season - 6 - Beitar Jerusalem,2022 - Regular Season - 6 - Maccabi Bnei Reineh,0,3,,,14,1,6,,,12
42,2022-10-08,1900-01-01 18:00:00,Regular Season,7,Sekzia Ness Ziona,Maccabi Netanya,12,11,Sekzia Ness Ziona,1,1,Orel Grinfeld,HaMoshava Stadium,2119,2022,0,0,1,0,0,False,False,False,True,False,False,False,False,0,1,2022 - Regular Season - 7 - Sekzia Ness Ziona,2022 - Regular Season - 7 - Maccabi Netanya,1,4,,,13,0,6,,,11
43,2022-10-08,1900-01-01 19:00:00,Regular Season,7,Hapoel Jerusalem,Ihud Bnei Sakhnin,3,5,Ihud Bnei Sakhnin,1,2,Snir Levi,Teddy-Kollek-Stadion,2000,2022,0,1,0,0,0,False,False,False,False,True,False,False,False,0,1,2022 - Regular Season - 7 - Hapoel Jerusalem,2022 - Regular Season - 7 - Ihud Bnei Sakhnin,0,14,,,2,0,13,,,5
44,2022-10-08,1900-01-01 19:30:00,Regular Season,7,Hapoel Hadera,Beitar Jerusalem,7,14,Beitar Jerusalem,2,1,Igal Frid,Netanya Stadium,3580,2022,1,0,0,0,0,False,False,False,False,True,False,False,False,0,1,2022 - Regular Season - 7 - Hapoel Hadera,2022 - Regular Season - 7 - Beitar Jerusalem,0,10,,,9,0,3,,,14
45,2022-10-08,1900-01-01 20:15:00,Regular Season,7,Maccabi Bnei Reineh,Maccabi Haifa,8,2,Maccabi Bnei Reineh,1,0,Idan Leiba,Green Stadium,4796,2022,1,0,0,0,0,False,False,False,False,False,True,False,False,0,1,2022 - Regular Season - 7 - Maccabi Bnei Reineh,2022 - Regular Season - 7 - Maccabi Haifa,1,9,,,10,0,15,,,1
46,2022-10-10,1900-01-01 19:00:00,Regular Season,7,Ironi Kiryat Shmona,FC Ashdod,10,6,Ironi Kiryat Shmona,1,1,Shalom Ben Avraham,Kiryat Shmona Municipal Stadium,1958,2022,0,0,1,0,0,False,False,False,False,True,False,False,False,0,0,2022 - Regular Season - 7 - Ironi Kiryat Shmona,2022 - Regular Season - 7 - FC Ashdod,0,8,,,8,0,10,,,6
47,2022-10-10,1900-01-01 20:00:00,Regular Season,7,Hapoel Beer Sheva,Hapoel Haifa,4,9,Hapoel Haifa,2,2,Aviad Shiloah,Toto Jacob Turner Stadium,12693,2022,0,0,1,0,0,False,False,False,False,False,True,False,False,0,0,2022 - Regular Season - 7 - Hapoel Beer Sheva,2022 - Regular Season - 7 - Hapoel Haifa,0,13,,,4,0,8,,,7
48,2022-10-10,1900-01-01 20:30:00,Regular Season,7,Maccabi Tel Aviv,Hapoel Tel Aviv,1,13,Hapoel Tel Aviv,3,0,Roi Reinshreiber,Bloomfield,27642,2022,1,0,0,1,0,False,False,False,False,False,True,False,False,0,1,2022 - Regular Season - 7 - Maccabi Tel Aviv,2022 - Regular Season - 7 - Hapoel Tel Aviv,0,16,,,3,0,3,,,12
49,2022-10-15,1900-01-01 17:30:00,Regular Season,8,Hapoel Tel Aviv,Maccabi Bnei Reineh,12,8,Hapoel Tel Aviv,2,0,Orel Grinfeld,Bloomfield,8700,2022,1,0,0,0,0,False,False,True,False,False,False,False,False,0,1,2022 - Regular Season - 8 - Hapoel Tel Aviv,2022 - Regular Season - 8 - Maccabi Bnei Reineh,0,6,,,13,1,9,,,8
50,2022-10-15,1900-01-01 19:00:00,Regular Season,8,FC Ashdod,Hapoel Haifa,5,10,Hapoel Haifa,4,0,Eitan Shmuelevic,Yud-Alef Stadion,1112,2022,1,0,0,0,0,False,False,False,False,True,False,False,False,0,1,2022 - Regular Season - 8 - FC Ashdod,2022 - Regular Season - 8 - Hapoel Haifa,0,13,,,6,0,8,,,9
51,2022-10-15,1900-01-01 19:45:00,Regular Season,8,Beitar Jerusalem,Ironi Kiryat Shmona,13,9,Beitar Jerusalem,2,0,Idan Leiba,Teddy-Kollek-Stadion,6000,2022,1,0,0,0,0,False,False,False,False,True,False,False,False,0,1,2022 - Regular Season - 8 - Beitar Jerusalem,2022 - Regular Season - 8 - Ironi Kiryat Shmona,0,6,,,14,0,8,,,10
52,2022-10-15,1900-01-01 20:15:00,Regular Season,8,Ihud Bnei Sakhnin,Maccabi Tel Aviv,6,1,Ihud Bnei Sakhnin,0,1,David Fucsman,Doha Stadium,5000,2022,0,1,0,0,0,False,False,False,False,False,True,False,False,0,1,2022 - Regular Season - 8 - Ihud Bnei Sakhnin,2022 - Regular Season - 8 - Maccabi Tel Aviv,0,13,,,5,0,19,,,1
53,2022-10-17,1900-01-01 19:30:00,Regular Season,8,Maccabi Netanya,Hapoel Jerusalem,11,3,Maccabi Netanya,0,2,Ohad Asulin,Netanya Stadium,6281,2022,0,1,0,0,0,False,False,False,False,True,False,False,False,0,0,2022 - Regular Season - 8 - Maccabi Netanya,2022 - Regular Season - 8 - Hapoel Jerusalem,0,6,,,11,0,17,,,3
54,2022-10-17,1900-01-01 20:00:00,Regular Season,8,Hapoel Beer Sheva,Sekzia Ness Ziona,4,14,Sekzia Ness Ziona,1,1,Nael Odeh,Toto Jacob Turner Stadium,9770,2022,0,0,1,0,0,False,False,False,False,False,True,False,False,0,1,2022 - Regular Season - 8 - Hapoel Beer Sheva,2022 - Regular Season - 8 - Sekzia Ness Ziona,0,14,,,4,1,5,,,12
55,2022-10-17,1900-01-01 20:30:00,Regular Season,8,Maccabi Haifa,Hapoel Hadera,2,7,Hapoel Hadera,1,0,Snir Levi,Sammy Ofer Stadium,29764,2022,1,0,0,0,0,False,False,False,False,False,True,False,False,0,1,2022 - Regular Season - 8 - Maccabi Haifa,2022 - Regular Season - 8 - Hapoel Hadera,0,18,,,2,0,10,,,7
56,2022-10-22,1900-01-01 17:30:00,Regular Season,9,Hapoel Jerusalem,Hapoel Beer Sheva,4,3,Hapoel Jerusalem,1,4,Orel Grinfeld,Teddy-Kollek-Stadion,4907,2022,0,1,0,0,0,False,False,True,False,False,False,False,False,0,1,2022 - Regular Season - 9 - Hapoel Jerusalem,2022 - Regular Season - 9 - Hapoel Beer Sheva,0,17,,,3,0,17,,,4
57,2022-10-22,1900-01-01 18:45:00,Regular Season,9,Hapoel Haifa,Sekzia Ness Ziona,11,12,Sekzia Ness Ziona,0,1,Erez Papir,Sammy Ofer Stadium,1980,2022,0,1,0,0,0,False,False,False,True,False,False,False,False,0,1,2022 - Regular Season - 9 - Hapoel Haifa,2022 - Regular Season - 9 - Sekzia Ness Ziona,0,8,,,10,1,8,,,14
58,2022-10-22,1900-01-01 19:45:00,Regular Season,9,FC Ashdod,Beitar Jerusalem,5,9,Beitar Jerusalem,0,2,Aviad Shiloah,Yud-Alef Stadion,5101,2022,0,1,0,0,0,False,False,False,False,True,False,False,False,0,1,2022 - Regular Season - 9 - FC Ashdod,2022 - Regular Season - 9 - Beitar Jerusalem,0,13,,,6,0,9,,,13
59,2022-10-22,1900-01-01 20:15:00,Regular Season,9,Ironi Kiryat Shmona,Maccabi Haifa,10,2,Ironi Kiryat Shmona,2,3,Nael Odeh,Kiryat Shmona Municipal Stadium,5202,2022,0,1,0,0,0,False,False,False,False,False,True,False,False,0,1,2022 - Regular Season - 9 - Ironi Kiryat Shmona,2022 - Regular Season - 9 - Maccabi Haifa,0,8,,,9,0,21,,,2
60,2022-10-23,1900-01-01 19:00:00,Regular Season,9,Maccabi Bnei Reineh,Ihud Bnei Sakhnin,7,6,Maccabi Bnei Reineh,2,0,Roi Reinshreiber,Green Stadium,2870,2022,1,0,0,0,0,False,False,False,False,True,False,False,False,0,1,2022 - Regular Season - 9 - Maccabi Bnei Reineh,2022 - Regular Season - 9 - Ihud Bnei Sakhnin,1,12,,,8,0,13,,,5
61,2022-10-23,1900-01-01 21:00:00,Regular Season,9,Hapoel Hadera,Hapoel Tel Aviv,8,13,Hapoel Tel Aviv,0,0,Gal Levi,Netanya Stadium,2400,2022,0,0,1,0,0,False,False,False,False,False,False,True,False,0,1,2022 - Regular Season - 9 - Hapoel Hadera,2022 - Regular Season - 9 - Hapoel Tel Aviv,0,11,,,7,0,7,,,12
62,2022-10-24,1900-01-01 20:30:00,Regular Season,9,Maccabi Tel Aviv,Maccabi Netanya,1,14,Maccabi Netanya,3,0,Gal Leibovitz,Bloomfield,25318,2022,1,0,0,0,0,False,False,False,False,False,True,False,False,0,1,2022 - Regular Season - 9 - Maccabi Tel Aviv,2022 - Regular Season - 9 - Maccabi Netanya,0,22,,,1,0,6,,,11
63,2022-10-29,1900-01-01 17:00:00,Regular Season,10,Maccabi Haifa,FC Ashdod,1,6,FC Ashdod,3,1,Gal Leibovitz,Sammy Ofer Stadium,29176,2022,1,0,0,0,0,False,False,True,False,False,False,False,False,0,1,2022 - Regular Season - 10 - Maccabi Haifa,2022 - Regular Season - 10 - FC Ashdod,0,24,,,2,0,13,,,6
64,2022-10-29,1900-01-01 18:45:00,Regular Season,10,Ihud Bnei Sakhnin,Hapoel Hadera,7,5,Ihud Bnei Sakhnin,1,4,Yoav Mizrahi,Doha Stadium,2000,2022,0,1,0,0,0,False,False,False,True,False,False,False,False,0,1,2022 - Regular Season - 10 - Ihud Bnei Sakhnin,2022 - Regular Season - 10 - Hapoel Hadera,0,13,,,5,0,14,,,8
65,2022-10-29,1900-01-01 18:45:00,Regular Season,10,Sekzia Ness Ziona,Hapoel Jerusalem,14,4,Sekzia Ness Ziona,0,2,Majed Rushrush,HaMoshava Stadium,1276,2022,0,1,0,0,0,False,False,False,True,False,False,False,False,0,1,2022 - Regular Season - 10 - Sekzia Ness Ziona,2022 - Regular Season - 10 - Hapoel Jerusalem,1,8,,,12,0,20,,,4
66,2022-10-29,1900-01-01 19:30:00,Regular Season,10,Maccabi Netanya,Maccabi Bnei Reineh,12,8,Maccabi Netanya,2,1,Shalom Ben Avraham,Netanya Stadium,0,2022,1,0,0,0,0,False,False,False,False,True,False,False,False,0,1,2022 - Regular Season - 10 - Maccabi Netanya,2022 - Regular Season - 10 - Maccabi Bnei Reineh,0,9,,,14,1,12,,,7
67,2022-10-29,1900-01-01 20:15:00,Regular Season,10,Beitar Jerusalem,Hapoel Haifa,10,11,Hapoel Haifa,0,0,Niv Steif,Teddy-Kollek-Stadion,11000,2022,0,0,1,0,0,False,False,False,False,False,True,False,False,0,1,2022 - Regular Season - 10 - Beitar Jerusalem,2022 - Regular Season - 10 - Hapoel Haifa,0,10,,,9,0,9,,,11
68,2022-10-30,1900-01-01 20:15:00,Regular Season,10,Hapoel Tel Aviv,Ironi Kiryat Shmona,9,13,Ironi Kiryat Shmona,2,1,Ohad Asulin,Bloomfield,0,2022,1,0,0,0,0,False,False,False,False,False,True,False,False,0,1,2022 - Regular Season - 10 - Hapoel Tel Aviv,2022 - Regular Season - 10 - Ironi Kiryat Shmona,0,10,,,13,0,8,,,10
69,2022-10-31,1900-01-01 20:30:00,Regular Season,10,Hapoel Beer Sheva,Maccabi Tel Aviv,3,2,Hapoel Beer Sheva,2,0,Eitan Shmuelevic,Toto Jacob Turner Stadium,15060,2022,1,0,0,0,0,False,False,False,False,False,True,False,False,0,1,2022 - Regular Season - 10 - Hapoel Beer Sheva,2022 - Regular Season - 10 - Maccabi Tel Aviv,0,20,,,3,0,22,,,1
70,2022-11-05,1900-01-01 15:00:00,Regular Season,11,Maccabi Tel Aviv,Sekzia Ness Ziona,2,14,Sekzia Ness Ziona,1,1,Snir Levi,Bloomfield,21449,2022,0,0,1,0,0,True,False,False,False,False,False,False,False,0,1,2022 - Regular Season - 11 - Maccabi Tel Aviv,2022 - Regular Season - 11 - Sekzia Ness Ziona,0,23,,,2,1,9,,,14
71,2022-11-05,1900-01-01 17:30:00,Regular Season,11,Hapoel Hadera,Maccabi Netanya,5,13,Maccabi Netanya,3,1,Nael Odeh,Netanya Stadium,3918,2022,1,0,0,0,0,False,False,True,False,False,False,False,False,0,1,2022 - Regular Season - 11 - Hapoel Hadera,2022 - Regular Season - 11 - Maccabi Netanya,0,17,,,5,0,9,,,12
72,2022-11-05,1900-01-01 18:00:00,Regular Season,11,Hapoel Haifa,Hapoel Jerusalem,8,4,Hapoel Haifa,1,0,Roi Reinshreiber,Sammy Ofer Stadium,4450,2022,1,0,0,0,0,False,False,False,True,False,False,False,False,0,1,2022 - Regular Season - 11 - Hapoel Haifa,2022 - Regular Season - 11 - Hapoel Jerusalem,0,12,,,11,0,20,,,4
73,2022-11-05,1900-01-01 18:00:00,Regular Season,11,Ironi Kiryat Shmona,Ihud Bnei Sakhnin,12,7,Ironi Kiryat Shmona,1,1,Erez Papir,Kiryat Shmona Municipal Stadium,2500,2022,0,0,1,0,0,False,False,False,True,False,False,False,False,0,1,2022 - Regular Season - 11 - Ironi Kiryat Shmona,2022 - Regular Season - 11 - Ihud Bnei Sakhnin,0,9,,,13,0,14,,,7
74,2022-11-05,1900-01-01 19:30:00,Regular Season,11,FC Ashdod,Hapoel Tel Aviv,6,10,Hapoel Tel Aviv,1,0,David Fucsman,Yud-Alef Stadion,4677,2022,1,0,0,0,0,False,False,False,False,True,False,False,False,0,1,2022 - Regular Season - 11 - FC Ashdod,2022 - Regular Season - 11 - Hapoel Tel Aviv,0,16,,,6,0,10,,,9
75,2022-11-06,1900-01-01 20:15:00,Regular Season,11,Maccabi Bnei Reineh,Hapoel Beer Sheva,9,3,Maccabi Bnei Reineh,0,3,Gal Leibovitz,Green Stadium,1791,2022,0,1,0,0,0,False,False,False,False,False,True,False,False,0,1,2022 - Regular Season - 11 - Maccabi Bnei Reineh,2022 - Regular Season - 11 - Hapoel Beer Sheva,1,12,,,8,0,23,,,3
76,2022-11-06,1900-01-01 20:30:00,Regular Season,11,Beitar Jerusalem,Maccabi Haifa,11,1,Beitar Jerusalem,1,4,Orel Grinfeld,Teddy-Kollek-Stadion,19000,2022,0,1,0,0,0,False,False,False,False,False,True,False,False,0,1,2022 - Regular Season - 11 - Beitar Jerusalem,2022 - Regular Season - 11 - Maccabi Haifa,0,10,,,10,0,27,,,1
77,2022-11-08,1900-01-01 19:00:00,Regular Season,12,Ihud Bnei Sakhnin,FC Ashdod,7,5,Ihud Bnei Sakhnin,1,1,Ohad Asulin,Doha Stadium,1130,2022,0,0,1,0,0,False,False,False,False,True,False,False,False,0,1,2022 - Regular Season - 12 - Ihud Bnei Sakhnin,2022 - Regular Season - 12 - FC Ashdod,0,15,,,7,0,17,,,6
78,2022-11-08,1900-01-01 20:00:00,Regular Season,12,Maccabi Netanya,Ironi Kiryat Shmona,11,14,Ironi Kiryat Shmona,1,0,Gal Levi,Netanya Stadium,4469,2022,1,0,0,0,0,False,False,False,False,False,True,False,False,0,1,2022 - Regular Season - 12 - Maccabi Netanya,2022 - Regular Season - 12 - Ironi Kiryat Shmona,0,12,,,13,0,9,,,12
79,2022-11-08,1900-01-01 20:15:00,Regular Season,12,Hapoel Jerusalem,Maccabi Tel Aviv,4,2,Hapoel Jerusalem,0,3,Erez Papir,Teddy-Kollek-Stadion,7796,2022,0,1,0,0,0,False,False,False,False,False,True,False,False,0,1,2022 - Regular Season - 12 - Hapoel Jerusalem,2022 - Regular Season - 12 - Maccabi Tel Aviv,0,20,,,4,0,26,,,2
80,2022-11-09,1900-01-01 19:00:00,Regular Season,12,Sekzia Ness Ziona,Maccabi Bnei Reineh,12,9,Sekzia Ness Ziona,3,3,Yoav Mizrahi,HaMoshava Stadium,815,2022,0,0,1,0,0,False,False,False,False,True,False,False,False,0,1,2022 - Regular Season - 12 - Sekzia Ness Ziona,2022 - Regular Season - 12 - Maccabi Bnei Reineh,1,10,,,14,1,13,,,9
81,2022-11-09,1900-01-01 20:00:00,Regular Season,12,Hapoel Beer Sheva,Hapoel Hadera,3,6,Hapoel Hadera,3,0,Shalom Ben Avraham,Toto Jacob Turner Stadium,11852,2022,1,0,0,0,0,False,False,False,False,False,True,False,False,0,1,2022 - Regular Season - 12 - Hapoel Beer Sheva,2022 - Regular Season - 12 - Hapoel Hadera,0,26,,,3,0,17,,,5
82,2022-11-09,1900-01-01 20:15:00,Regular Season,12,Hapoel Tel Aviv,Beitar Jerusalem,8,13,Beitar Jerusalem,2,1,Eitan Shmuelevic,Bloomfield,0,2022,1,0,0,0,0,False,False,False,False,False,True,False,False,0,1,2022 - Regular Season - 12 - Hapoel Tel Aviv,2022 - Regular Season - 12 - Beitar Jerusalem,0,13,,,10,0,10,,,11
83,2022-11-09,1900-01-01 20:30:00,Regular Season,12,Hapoel Haifa,Maccabi Haifa,10,1,Hapoel Haifa,0,1,Idan Leiba,Sammy Ofer Stadium,26900,2022,0,1,0,1,0,False,False,False,False,False,True,False,False,0,1,2022 - Regular Season - 12 - Hapoel Haifa,2022 - Regular Season - 12 - Maccabi Haifa,0,12,,,8,0,30,,,1
84,2022-11-12,1900-01-01 15:00:00,Regular Season,13,FC Ashdod,Maccabi Netanya,6,8,Maccabi Netanya,2,3,Igal Frid,Yud-Alef Stadion,2185,2022,0,1,0,0,0,True,False,False,False,False,False,False,False,0,1,2022 - Regular Season - 13 - FC Ashdod,2022 - Regular Season - 13 - Maccabi Netanya,0,17,,,5,0,15,,,11
85,2022-11-12,1900-01-01 17:30:00,Regular Season,13,Hapoel Hadera,Sekzia Ness Ziona,5,13,Sekzia Ness Ziona,0,0,Niv Steif,Netanya Stadium,1094,2022,0,0,1,0,0,False,False,True,False,False,False,False,False,0,1,2022 - Regular Season - 13 - Hapoel Hadera,2022 - Regular Season - 13 - Sekzia Ness Ziona,0,18,,,6,1,11,,,12
86,2022-11-12,1900-01-01 19:30:00,Regular Season,13,Maccabi Tel Aviv,Hapoel Haifa,2,12,Hapoel Haifa,1,0,Nael Odeh,Bloomfield,20829,2022,1,0,0,0,0,False,False,False,False,True,False,False,False,0,1,2022 - Regular Season - 13 - Maccabi Tel Aviv,2022 - Regular Season - 13 - Hapoel Haifa,0,29,,,2,0,12,,,10
87,2022-11-13,1900-01-01 19:00:00,Regular Season,13,Maccabi Bnei Reineh,Hapoel Jerusalem,10,4,Maccabi Bnei Reineh,0,2,David Fucsman,Green Stadium,1000,2022,0,1,0,0,0,False,False,False,False,True,False,False,False,0,1,2022 - Regular Season - 13 - Maccabi Bnei Reineh,2022 - Regular Season - 13 - Hapoel Jerusalem,1,13,,,9,0,23,,,4
88,2022-11-13,1900-01-01 20:00:00,Regular Season,13,Ironi Kiryat Shmona,Hapoel Beer Sheva,14,3,Ironi Kiryat Shmona,0,2,Roi Reinshreiber,Kiryat Shmona Municipal Stadium,2200,2022,0,1,0,0,0,False,False,False,False,False,True,False,False,0,1,2022 - Regular Season - 13 - Ironi Kiryat Shmona,2022 - Regular Season - 13 - Hapoel Beer Sheva,0,9,,,14,0,29,,,3
89,2022-11-13,1900-01-01 20:30:00,Regular Season,13,Maccabi Haifa,Hapoel Tel Aviv,1,9,Hapoel Tel Aviv,5,2,Snir Levi,Sammy Ofer Stadium,29742,2022,1,0,0,0,0,False,False,False,False,False,True,False,False,0,1,2022 - Regular Season - 13 - Maccabi Haifa,2022 - Regular Season - 13 - Hapoel Tel Aviv,0,33,,,1,0,13,,,8
90,2022-11-14,1900-01-01 20:15:00,Regular Season,13,Beitar Jerusalem,Ihud Bnei Sakhnin,11,7,Beitar Jerusalem,2,1,Aviad Shiloah,Teddy-Kollek-Stadion,12000,2022,1,0,0,0,0,False,False,False,False,False,True,False,False,0,0,2022 - Regular Season - 13 - Beitar Jerusalem,2022 - Regular Season - 13 - Ihud Bnei Sakhnin,0,13,,,13,0,15,,,7
91,2022-12-17,1900-01-01 15:00:00,Regular Season,14,Hapoel Tel Aviv,Hapoel Haifa,10,11,Hapoel Haifa,3,3,Shalom Ben Avraham,Bloomfield,0,2022,0,0,1,0,1,True,False,False,False,False,False,False,False,0,0,2022 - Regular Season - 14 - Hapoel Tel Aviv,2022 - Regular Season - 14 - Hapoel Haifa,0,14,,,9,0,13,,,12
92,2022-12-17,1900-01-01 15:00:00,Regular Season,14,Hapoel Hadera,Hapoel Jerusalem,5,4,Hapoel Hadera,0,0,Snir Levi,Netanya Stadium,1250,2022,0,0,1,0,1,True,False,False,False,False,False,False,False,0,0,2022 - Regular Season - 14 - Hapoel Hadera,2022 - Regular Season - 14 - Hapoel Jerusalem,0,19,,,5,0,24,,,4
93,2022-12-17,1900-01-01 20:30:00,Regular Season,14,Beitar Jerusalem,Maccabi Netanya,7,9,Maccabi Netanya,6,3,Gal Leibovitz,Teddy-Kollek-Stadion,8500,2022,1,0,0,0,1,False,False,False,False,False,True,False,False,0,0,2022 - Regular Season - 14 - Beitar Jerusalem,2022 - Regular Season - 14 - Maccabi Netanya,0,16,,,11,0,15,,,8
94,2022-12-17,1900-01-01 20:30:00,Regular Season,14,FC Ashdod,Hapoel Beer Sheva,6,3,FC Ashdod,0,1,Orel Grinfeld,Yud-Alef Stadion,2230,2022,0,1,0,0,1,False,False,False,False,False,True,False,False,0,0,2022 - Regular Season - 14 - FC Ashdod,2022 - Regular Season - 14 - Hapoel Beer Sheva,0,17,,,6,0,32,,,3
95,2022-12-19,1900-01-01 19:00:00,Regular Season,14,Ironi Kiryat Shmona,Sekzia Ness Ziona,14,13,Ironi Kiryat Shmona,3,3,Eitan Shmuelevic,Kiryat Shmona Municipal Stadium,988,2022,0,0,1,0,0,False,False,False,False,True,False,False,False,0,0,2022 - Regular Season - 14 - Ironi Kiryat Shmona,2022 - Regular Season - 14 - Sekzia Ness Ziona,0,10,,,14,1,12,,,13
96,2022-12-19,1900-01-01 20:15:00,Regular Season,14,Maccabi Bnei Reineh,Maccabi Tel Aviv,12,2,Maccabi Bnei Reineh,0,2,Ohad Asulin,Green Stadium,3190,2022,0,1,0,0,0,False,False,False,False,False,True,False,False,0,0,2022 - Regular Season - 14 - Maccabi Bnei Reineh,2022 - Regular Season - 14 - Maccabi Tel Aviv,1,13,,,10,0,32,,,2
97,2022-12-19,1900-01-01 20:30:00,Regular Season,14,Maccabi Haifa,Ihud Bnei Sakhnin,1,8,Ihud Bnei Sakhnin,3,1,Nael Odeh,Sammy Ofer Stadium,27152,2022,1,0,0,0,0,False,False,False,False,False,True,False,False,0,0,2022 - Regular Season - 14 - Maccabi Haifa,2022 - Regular Season - 14 - Ihud Bnei Sakhnin,0,36,,,1,0,15,,,7
98,2022-12-24,1900-01-01 15:00:00,Regular Season,15,Maccabi Tel Aviv,Hapoel Hadera,2,5,Hapoel Hadera,5,0,David Fucsman,Bloomfield,16850,2022,1,0,0,0,0,True,False,False,False,False,False,False,False,0,0,2022 - Regular Season - 15 - Maccabi Tel Aviv,2022 - Regular Season - 15 - Hapoel Hadera,0,35,,,2,0,19,,,5
99,2022-12-24,1900-01-01 17:30:00,Regular Season,15,Hapoel Jerusalem,Ironi Kiryat Shmona,4,14,Ironi Kiryat Shmona,1,1,Niv Steif,Teddy-Kollek-Stadion,1345,2022,0,0,1,0,0,False,False,True,False,False,False,False,False,0,0,2022 - Regular Season - 15 - Hapoel Jerusalem,2022 - Regular Season - 15 - Ironi Kiryat Shmona,0,25,,,4,0,11,,,14
100,2022-12-24,1900-01-01 18:00:00,Regular Season,15,Hapoel Haifa,Maccabi Bnei Reineh,12,13,Maccabi Bnei Reineh,0,0,Gal Levi,Sammy Ofer Stadium,2300,2022,0,0,1,0,0,False,False,False,True,False,False,False,False,0,0,2022 - Regular Season - 15 - Hapoel Haifa,2022 - Regular Season - 15 - Maccabi Bnei Reineh,0,14,,,11,1,14,,,12
101,2022-12-24,1900-01-01 18:00:00,Regular Season,15,Sekzia Ness Ziona,FC Ashdod,9,6,Sekzia Ness Ziona,2,0,Majed Rushrush,HaMoshava Stadium,143,2022,1,0,0,0,0,False,False,False,True,False,False,False,False,0,0,2022 - Regular Season - 15 - Sekzia Ness Ziona,2022 - Regular Season - 15 - FC Ashdod,1,15,,,13,0,17,,,6
102,2022-12-24,1900-01-01 19:30:00,Regular Season,15,Hapoel Beer Sheva,Beitar Jerusalem,3,8,Beitar Jerusalem,3,2,Eitan Shmuelevic,Toto Jacob Turner Stadium,14694,2022,1,0,0,0,0,False,False,False,False,True,False,False,False,0,0,2022 - Regular Season - 15 - Hapoel Beer Sheva,2022 - Regular Season - 15 - Beitar Jerusalem,0,35,,,3,0,16,,,7
103,2022-12-25,1900-01-01 20:15:00,Regular Season,15,Ihud Bnei Sakhnin,Hapoel Tel Aviv,7,10,Hapoel Tel Aviv,1,1,Roi Reinshreiber,Doha Stadium,2200,2022,0,0,1,0,0,False,False,False,False,False,True,False,False,0,0,2022 - Regular Season - 15 - Ihud Bnei Sakhnin,2022 - Regular Season - 15 - Hapoel Tel Aviv,0,16,,,8,0,15,,,10
104,2022-12-26,1900-01-01 20:30:00,Regular Season,15,Maccabi Netanya,Maccabi Haifa,11,1,Maccabi Netanya,0,2,Orel Grinfeld,Netanya Stadium,11317,2022,0,1,0,0,0,False,False,False,False,False,True,False,False,0,1,2022 - Regular Season - 15 - Maccabi Netanya,2022 - Regular Season - 15 - Maccabi Haifa,0,15,,,9,0,39,,,1
105,2022-12-31,1900-01-01 15:00:00,Regular Season,16,Beitar Jerusalem,Sekzia Ness Ziona,6,12,Sekzia Ness Ziona,3,2,Ohad Asulin,Teddy-Kollek-Stadion,12081,2022,1,0,0,0,0,True,False,False,False,False,False,False,False,0,1,2022 - Regular Season - 16 - Beitar Jerusalem,2022 - Regular Season - 16 - Sekzia Ness Ziona,0,19,,,8,1,15,,,9
106,2022-12-31,1900-01-01 17:30:00,Regular Season,16,Hapoel Tel Aviv,Maccabi Netanya,10,11,Maccabi Netanya,1,1,Aviad Shiloah,HaMoshava Stadium,7933,2022,0,0,1,0,0,False,False,True,False,False,False,False,False,0,1,2022 - Regular Season - 16 - Hapoel Tel Aviv,2022 - Regular Season - 16 - Maccabi Netanya,0,16,,,10,0,16,,,11
107,2022-12-31,1900-01-01 18:00:00,Regular Season,16,Ihud Bnei Sakhnin,Hapoel Haifa,9,8,Ihud Bnei Sakhnin,1,2,Orel Grinfeld,Doha Stadium,1500,2022,0,1,0,0,0,False,False,False,True,False,False,False,False,0,1,2022 - Regular Season - 16 - Ihud Bnei Sakhnin,2022 - Regular Season - 16 - Hapoel Haifa,0,16,,,7,0,17,,,12
108,2022-12-31,1900-01-01 19:10:00,Regular Season,16,FC Ashdod,Hapoel Jerusalem,7,4,FC Ashdod,1,1,Yoav Mizrahi,Yud-Alef Stadion,1208,2022,0,0,1,0,0,False,False,False,False,True,False,False,False,0,1,2022 - Regular Season - 16 - FC Ashdod,2022 - Regular Season - 16 - Hapoel Jerusalem,0,18,,,6,0,26,,,4
109,2022-12-31,1900-01-01 19:30:00,Regular Season,16,Ironi Kiryat Shmona,Maccabi Tel Aviv,14,2,Ironi Kiryat Shmona,1,1,Idan Leiba,Kiryat Shmona Municipal Stadium,4856,2022,0,0,1,0,0,False,False,False,False,True,False,False,False,0,0,2022 - Regular Season - 16 - Ironi Kiryat Shmona,2022 - Regular Season - 16 - Maccabi Tel Aviv,0,12,,,14,0,36,,,2
110,2023-01-01,1900-01-01 19:00:00,Regular Season,16,Hapoel Hadera,Maccabi Bnei Reineh,5,13,Maccabi Bnei Reineh,2,2,Majed Rushrush,Netanya Stadium,401,2022,0,0,1,0,0,False,False,False,False,True,False,False,False,0,1,2022 - Regular Season - 16 - Hapoel Hadera,2022 - Regular Season - 16 - Maccabi Bnei Reineh,0,20,,,5,1,15,,,13
111,2023-01-01,1900-01-01 20:30:00,Regular Season,16,Maccabi Haifa,Hapoel Beer Sheva,1,3,Hapoel Beer Sheva,2,0,Roi Reinshreiber,Sammy Ofer Stadium,29841,2022,1,0,0,0,0,False,False,False,False,False,True,False,False,0,1,2022 - Regular Season - 16 - Maccabi Haifa,2022 - Regular Season - 16 - Hapoel Beer Sheva,0,42,,,1,0,35,,,3
112,2023-01-07,1900-01-01 15:00:00,Regular Season,17,Maccabi Netanya,Ihud Bnei Sakhnin,10,9,Maccabi Netanya,0,0,Shalom Ben Avraham,Netanya Stadium,5218,2022,0,0,1,0,0,True,False,False,False,False,False,False,False,0,1,2022 - Regular Season - 17 - Maccabi Netanya,2022 - Regular Season - 17 - Ihud Bnei Sakhnin,0,17,,,11,0,17,,,9
113,2023-01-07,1900-01-01 17:30:00,Regular Season,17,Maccabi Tel Aviv,FC Ashdod,2,8,FC Ashdod,3,0,Nael Odeh,Bloomfield,21824,2022,1,0,0,0,0,False,False,True,False,False,False,False,False,0,1,2022 - Regular Season - 17 - Maccabi Tel Aviv,2022 - Regular Season - 17 - FC Ashdod,0,39,,,2,0,18,,,7
114,2023-01-07,1900-01-01 18:00:00,Regular Season,17,Hapoel Haifa,Hapoel Hadera,5,7,Hapoel Hadera,3,0,Igal Frid,Sammy Ofer Stadium,1780,2022,1,0,0,0,0,False,False,False,True,False,False,False,False,0,1,2022 - Regular Season - 17 - Hapoel Haifa,2022 - Regular Season - 17 - Hapoel Hadera,0,20,,,8,0,20,,,5
115,2023-01-07,1900-01-01 19:30:00,Regular Season,17,Hapoel Jerusalem,Beitar Jerusalem,4,6,Beitar Jerusalem,1,1,Orel Grinfeld,Teddy-Kollek-Stadion,15465,2022,0,0,1,1,0,False,False,False,False,True,False,False,False,0,1,2022 - Regular Season - 17 - Hapoel Jerusalem,2022 - Regular Season - 17 - Beitar Jerusalem,0,27,,,4,0,20,,,6
116,2023-01-08,1900-01-01 19:00:00,Regular Season,17,Maccabi Bnei Reineh,Ironi Kiryat Shmona,14,12,Maccabi Bnei Reineh,0,1,Aviad Shiloah,Green Stadium,0,2022,0,1,0,0,0,False,False,False,False,True,False,False,False,0,1,2022 - Regular Season - 17 - Maccabi Bnei Reineh,2022 - Regular Season - 17 - Ironi Kiryat Shmona,1,15,,,13,0,15,,,14
117,2023-01-08,1900-01-01 20:15:00,Regular Season,17,Sekzia Ness Ziona,Maccabi Haifa,13,1,Sekzia Ness Ziona,0,2,Snir Levi,HaMoshava Stadium,10358,2022,0,1,0,0,0,False,False,False,False,False,True,False,False,0,1,2022 - Regular Season - 17 - Sekzia Ness Ziona,2022 - Regular Season - 17 - Maccabi Haifa,1,15,,,12,0,45,,,1
118,2023-01-09,1900-01-01 19:30:00,Regular Season,17,Hapoel Beer Sheva,Hapoel Tel Aviv,3,11,Hapoel Tel Aviv,6,0,Idan Leiba,Toto Jacob Turner Stadium,14721,2022,1,0,0,0,0,False,False,False,False,True,False,False,False,0,0,2022 - Regular Season - 17 - Hapoel Beer Sheva,2022 - Regular Season - 17 - Hapoel Tel Aviv,0,38,,,3,0,16,,,10
119,2023-01-14,1900-01-01 15:00:00,Regular Season,18,Hapoel Tel Aviv,Sekzia Ness Ziona,11,13,Sekzia Ness Ziona,1,1,Igal Frid,Bloomfield,7400,2022,0,0,1,0,0,True,False,False,False,False,False,False,False,0,1,2022 - Regular Season - 18 - Hapoel Tel Aviv,2022 - Regular Season - 18 - Sekzia Ness Ziona,0,17,,,11,1,16,,,13
120,2023-01-14,1900-01-01 17:30:00,Regular Season,18,Ironi Kiryat Shmona,Hapoel Hadera,12,7,Ironi Kiryat Shmona,2,2,Gal Levi,Kiryat Shmona Municipal Stadium,772,2022,0,0,1,0,0,False,False,True,False,False,False,False,False,0,1,2022 - Regular Season - 18 - Ironi Kiryat Shmona,2022 - Regular Season - 18 - Hapoel Hadera,0,16,,,12,0,21,,,7
121,2023-01-14,1900-01-01 18:00:00,Regular Season,18,FC Ashdod,Maccabi Bnei Reineh,5,14,Maccabi Bnei Reineh,3,0,David Fucsman,Yud-Alef Stadion,625,2022,1,0,0,0,0,False,False,False,True,False,False,False,False,0,1,2022 - Regular Season - 18 - FC Ashdod,2022 - Regular Season - 18 - Maccabi Bnei Reineh,0,21,,,8,1,15,,,14
122,2023-01-14,1900-01-01 19:00:00,Regular Season,18,Maccabi Netanya,Hapoel Haifa,9,8,Maccabi Netanya,1,0,Niv Steif,Netanya Stadium,4076,2022,1,0,0,0,0,False,False,False,False,True,False,False,False,0,1,2022 - Regular Season - 18 - Maccabi Netanya,2022 - Regular Season - 18 - Hapoel Haifa,0,20,,,10,0,20,,,5
123,2023-01-15,1900-01-01 20:15:00,Regular Season,18,Maccabi Haifa,Hapoel Jerusalem,1,4,Hapoel Jerusalem,2,1,Shalom Ben Avraham,Sammy Ofer Stadium,27854,2022,1,0,0,0,0,False,False,False,False,False,True,False,False,0,1,2022 - Regular Season - 18 - Maccabi Haifa,2022 - Regular Season - 18 - Hapoel Jerusalem,0,48,,,1,0,27,,,4
124,2023-01-16,1900-01-01 20:30:00,Regular Season,18,Beitar Jerusalem,Maccabi Tel Aviv,6,3,Beitar Jerusalem,2,2,Gal Leibovitz,Teddy-Kollek-Stadion,23000,2022,0,0,1,0,0,False,False,False,False,False,True,False,False,0,1,2022 - Regular Season - 18 - Beitar Jerusalem,2022 - Regular Season - 18 - Maccabi Tel Aviv,0,21,,,6,0,40,,,2
125,2023-02-08,1900-01-01 19:45:00,Regular Season,18,Ihud Bnei Sakhnin,Hapoel Beer Sheva,10,2,Ihud Bnei Sakhnin,0,1,Aviad Shiloah,Doha Stadium,2000,2022,0,1,0,0,0,False,False,False,False,True,False,False,False,0,0,2022 - Regular Season - 18 - Ihud Bnei Sakhnin,2022 - Regular Season - 18 - Hapoel Beer Sheva,0,17,,,9,0,41,,,3
126,2023-01-21,1900-01-01 15:00:00,Regular Season,19,Hapoel Jerusalem,Hapoel Tel Aviv,4,11,Hapoel Tel Aviv,0,0,Aviad Shiloah,Teddy-Kollek-Stadion,4739,2022,0,0,1,0,0,True,False,False,False,False,False,False,False,0,1,2022 - Regular Season - 19 - Hapoel Jerusalem,2022 - Regular Season - 19 - Hapoel Tel Aviv,0,28,,,4,0,18,,,11
127,2023-01-21,1900-01-01 17:30:00,Regular Season,19,Hapoel Haifa,Ironi Kiryat Shmona,7,13,Ironi Kiryat Shmona,1,0,Yoav Mizrahi,Sammy Ofer Stadium,2250,2022,1,0,0,0,0,False,False,True,False,False,False,False,False,0,1,2022 - Regular Season - 19 - Hapoel Haifa,2022 - Regular Season - 19 - Ironi Kiryat Shmona,0,23,,,8,0,16,,,12
128,2023-01-21,1900-01-01 18:00:00,Regular Season,19,Hapoel Hadera,FC Ashdod,9,5,Hapoel Hadera,0,2,Ohad Asulin,Netanya Stadium,1062,2022,0,1,0,0,0,False,False,False,True,False,False,False,False,0,1,2022 - Regular Season - 19 - Hapoel Hadera,2022 - Regular Season - 19 - FC Ashdod,0,21,,,7,0,24,,,5
129,2023-01-21,1900-01-01 18:00:00,Regular Season,19,Sekzia Ness Ziona,Ihud Bnei Sakhnin,12,10,Sekzia Ness Ziona,0,0,Niv Steif,HaMoshava Stadium,350,2022,0,0,1,0,0,False,False,False,True,False,False,False,False,0,1,2022 - Regular Season - 19 - Sekzia Ness Ziona,2022 - Regular Season - 19 - Ihud Bnei Sakhnin,1,17,,,13,0,18,,,10
130,2023-01-21,1900-01-01 19:30:00,Regular Season,19,Maccabi Bnei Reineh,Beitar Jerusalem,14,6,Maccabi Bnei Reineh,0,2,Snir Levi,Green Stadium,2304,2022,0,1,0,0,0,False,False,False,False,True,False,False,False,0,1,2022 - Regular Season - 19 - Maccabi Bnei Reineh,2022 - Regular Season - 19 - Beitar Jerusalem,1,15,,,14,0,24,,,6
131,2023-01-22,1900-01-01 20:15:00,Regular Season,19,Hapoel Beer Sheva,Maccabi Netanya,3,8,Maccabi Netanya,2,2,Igal Frid,Toto Jacob Turner Stadium,12428,2022,0,0,1,0,0,False,False,False,False,False,True,False,False,0,1,2022 - Regular Season - 19 - Hapoel Beer Sheva,2022 - Regular Season - 19 - Maccabi Netanya,0,42,,,2,0,21,,,9
132,2023-01-23,1900-01-01 20:30:00,Regular Season,19,Maccabi Tel Aviv,Maccabi Haifa,2,1,Maccabi Tel Aviv,3,0,Orel Grinfeld,Bloomfield,27279,2022,1,0,0,0,0,False,False,False,False,False,True,False,False,0,1,2022 - Regular Season - 19 - Maccabi Tel Aviv,2022 - Regular Season - 19 - Maccabi Haifa,0,43,,,3,0,48,,,1
133,2023-01-28,1900-01-01 15:00:00,Regular Season,20,Maccabi Haifa,Maccabi Bnei Reineh,1,14,Maccabi Bnei Reineh,0,0,Igal Frid,Sammy Ofer Stadium,24753,2022,0,0,1,0,0,True,False,False,False,False,False,False,False,0,1,2022 - Regular Season - 20 - Maccabi Haifa,2022 - Regular Season - 20 - Maccabi Bnei Reineh,0,49,,,1,1,16,,,14
134,2023-01-28,1900-01-01 17:30:00,Regular Season,20,FC Ashdod,Ironi Kiryat Shmona,5,12,Ironi Kiryat Shmona,1,1,Niv Steif,Yud-Alef Stadion,1373,2022,0,0,1,0,0,False,False,True,False,False,False,False,False,0,1,2022 - Regular Season - 20 - FC Ashdod,2022 - Regular Season - 20 - Ironi Kiryat Shmona,0,25,,,5,0,17,,,13
135,2023-01-28,1900-01-01 18:00:00,Regular Season,20,Maccabi Netanya,Sekzia Ness Ziona,7,13,Sekzia Ness Ziona,3,0,Majed Rushrush,Netanya Stadium,5370,2022,1,0,0,0,0,False,False,False,True,False,False,False,False,0,1,2022 - Regular Season - 20 - Maccabi Netanya,2022 - Regular Season - 20 - Sekzia Ness Ziona,0,24,,,8,1,17,,,12
136,2023-01-28,1900-01-01 19:30:00,Regular Season,20,Beitar Jerusalem,Hapoel Hadera,6,8,Hapoel Hadera,0,2,Roi Reinshreiber,HaMoshava Stadium,8000,2022,0,1,0,0,0,False,False,False,False,True,False,False,False,0,1,2022 - Regular Season - 20 - Beitar Jerusalem,2022 - Regular Season - 20 - Hapoel Hadera,0,24,,,6,0,24,,,9
137,2023-01-28,1900-01-01 20:00:00,Regular Season,20,Hapoel Tel Aviv,Maccabi Tel Aviv,11,3,Hapoel Tel Aviv,0,0,Snir Levi,Bloomfield,21850,2022,0,0,1,1,0,False,False,False,False,False,True,False,False,0,1,2022 - Regular Season - 20 - Hapoel Tel Aviv,2022 - Regular Season - 20 - Maccabi Tel Aviv,0,19,,,11,0,44,,,2
138,2023-01-29,1900-01-01 20:15:00,Regular Season,20,Hapoel Haifa,Hapoel Beer Sheva,9,2,Hapoel Haifa,0,1,Nael Odeh,Sammy Ofer Stadium,3370,2022,0,1,0,0,0,False,False,False,False,False,True,False,False,0,1,2022 - Regular Season - 20 - Hapoel Haifa,2022 - Regular Season - 20 - Hapoel Beer Sheva,0,23,,,7,0,45,,,3
139,2023-01-30,1900-01-01 20:00:00,Regular Season,20,Ihud Bnei Sakhnin,Hapoel Jerusalem,10,4,Ihud Bnei Sakhnin,2,1,Gal Levi,Doha Stadium,1300,2022,1,0,0,0,0,False,False,False,False,False,True,False,False,0,0,2022 - Regular Season - 20 - Ihud Bnei Sakhnin,2022 - Regular Season - 20 - Hapoel Jerusalem,0,21,,,10,0,28,,,4
140,2023-02-04,1900-01-01 15:00:00,Regular Season,21,Sekzia Ness Ziona,Hapoel Beer Sheva,13,2,Sekzia Ness Ziona,0,1,Idan Leiba,HaMoshava Stadium,2887,2022,0,1,0,0,0,True,False,False,False,False,False,False,False,0,1,2022 - Regular Season - 21 - Sekzia Ness Ziona,2022 - Regular Season - 21 - Hapoel Beer Sheva,1,17,,,13,0,48,,,2
141,2023-02-04,1900-01-01 17:30:00,Regular Season,21,Maccabi Tel Aviv,Ihud Bnei Sakhnin,3,10,Ihud Bnei Sakhnin,1,1,Igal Frid,Bloomfield,18190,2022,0,0,1,0,0,False,False,True,False,False,False,False,False,0,1,2022 - Regular Season - 21 - Maccabi Tel Aviv,2022 - Regular Season - 21 - Ihud Bnei Sakhnin,0,45,,,3,0,22,,,10
142,2023-02-04,1900-01-01 18:00:00,Regular Season,21,Hapoel Haifa,FC Ashdod,9,7,Hapoel Haifa,1,1,Eitan Shmuelevic,Sammy Ofer Stadium,2250,2022,0,0,1,0,0,False,False,False,True,False,False,False,False,0,1,2022 - Regular Season - 21 - Hapoel Haifa,2022 - Regular Season - 21 - FC Ashdod,0,24,,,9,0,26,,,5
143,2023-02-04,1900-01-01 18:00:00,Regular Season,21,Hapoel Jerusalem,Maccabi Netanya,4,6,Maccabi Netanya,0,2,Roi Reinshreiber,Teddy-Kollek-Stadion,1757,2022,0,1,0,0,0,False,False,False,True,False,False,False,False,0,1,2022 - Regular Season - 21 - Hapoel Jerusalem,2022 - Regular Season - 21 - Maccabi Netanya,0,28,,,4,0,27,,,7
144,2023-02-04,1900-01-01 19:30:00,Regular Season,21,Ironi Kiryat Shmona,Beitar Jerusalem,12,5,Ironi Kiryat Shmona,0,3,Nael Odeh,Kiryat Shmona Municipal Stadium,2700,2022,0,1,0,0,0,False,False,False,False,True,False,False,False,0,1,2022 - Regular Season - 21 - Ironi Kiryat Shmona,2022 - Regular Season - 21 - Beitar Jerusalem,0,17,,,12,0,27,,,6
145,2023-02-05,1900-01-01 20:15:00,Regular Season,21,Maccabi Bnei Reineh,Hapoel Tel Aviv,14,11,Maccabi Bnei Reineh,1,1,Shalom Ben Avraham,Netanya Stadium,2355,2022,0,0,1,0,0,False,False,False,False,False,True,False,False,0,1,2022 - Regular Season - 21 - Maccabi Bnei Reineh,2022 - Regular Season - 21 - Hapoel Tel Aviv,1,17,,,14,0,20,,,11
146,2023-02-08,1900-01-01 20:30:00,Regular Season,21,Hapoel Hadera,Maccabi Haifa,8,1,Hapoel Hadera,1,1,Gal Leibovitz,Netanya Stadium,8800,2022,0,0,1,0,0,False,False,False,False,False,True,False,False,0,1,2022 - Regular Season - 21 - Hapoel Hadera,2022 - Regular Season - 21 - Maccabi Haifa,0,25,,,8,0,50,,,1
147,2023-02-11,1900-01-01 15:00:00,Regular Season,22,Beitar Jerusalem,FC Ashdod,4,8,FC Ashdod,2,1,Idan Leiba,Teddy-Kollek-Stadion,16000,2022,1,0,0,0,0,True,False,False,False,False,False,False,False,0,1,2022 - Regular Season - 22 - Beitar Jerusalem,2022 - Regular Season - 22 - FC Ashdod,0,30,,,5,0,26,,,7
148,2023-02-11,1900-01-01 17:30:00,Regular Season,22,Hapoel Beer Sheva,Hapoel Jerusalem,2,6,Hapoel Jerusalem,0,0,Orel Grinfeld,Toto Jacob Turner Stadium,14746,2022,0,0,1,0,0,False,False,True,False,False,False,False,False,0,1,2022 - Regular Season - 22 - Hapoel Beer Sheva,2022 - Regular Season - 22 - Hapoel Jerusalem,0,49,,,2,0,29,,,4
149,2023-02-11,1900-01-01 18:30:00,Regular Season,22,Sekzia Ness Ziona,Hapoel Haifa,14,7,Sekzia Ness Ziona,0,2,Dekel Tzino,HaMoshava Stadium,716,2022,0,1,0,0,0,False,False,False,True,False,False,False,False,0,1,2022 - Regular Season - 22 - Sekzia Ness Ziona,2022 - Regular Season - 22 - Hapoel Haifa,1,17,,,13,0,27,,,9
150,2023-02-11,1900-01-01 18:30:00,Regular Season,22,Ihud Bnei Sakhnin,Maccabi Bnei Reineh,10,12,Maccabi Bnei Reineh,1,1,Ohad Asulin,Doha Stadium,1500,2022,0,0,1,0,0,False,False,False,True,False,False,False,False,0,1,2022 - Regular Season - 22 - Ihud Bnei Sakhnin,2022 - Regular Season - 22 - Maccabi Bnei Reineh,0,23,,,10,1,18,,,14
151,2023-02-11,1900-01-01 19:30:00,Regular Season,22,Maccabi Haifa,Ironi Kiryat Shmona,1,13,Ironi Kiryat Shmona,2,0,Roi Reinshreiber,Sammy Ofer Stadium,29073,2022,1,0,0,0,0,False,False,False,False,True,False,False,False,0,1,2022 - Regular Season - 22 - Maccabi Haifa,2022 - Regular Season - 22 - Ironi Kiryat Shmona,0,53,,,1,0,17,,,12
152,2023-02-12,1900-01-01 20:15:00,Regular Season,22,Hapoel Tel Aviv,Hapoel Hadera,11,9,Hapoel Tel Aviv,0,0,Eitan Shmuelevic,Bloomfield,6933,2022,0,0,1,0,0,False,False,False,False,False,True,False,False,0,1,2022 - Regular Season - 22 - Hapoel Tel Aviv,2022 - Regular Season - 22 - Hapoel Hadera,0,21,,,11,0,26,,,8
153,2023-02-13,1900-01-01 20:30:00,Regular Season,22,Maccabi Netanya,Maccabi Tel Aviv,5,3,Maccabi Netanya,2,1,Nael Odeh,Netanya Stadium,11831,2022,1,0,0,0,0,False,False,False,False,False,True,False,False,0,1,2022 - Regular Season - 22 - Maccabi Netanya,2022 - Regular Season - 22 - Maccabi Tel Aviv,0,30,,,6,0,45,,,3
154,2023-02-18,1900-01-01 15:00:00,Regular Season,23,Ironi Kiryat Shmona,Hapoel Tel Aviv,13,11,Ironi Kiryat Shmona,0,1,Idan Leiba,Kiryat Shmona Municipal Stadium,3500,2022,0,1,0,0,0,True,False,False,False,False,False,False,False,0,1,2022 - Regular Season - 23 - Ironi Kiryat Shmona,2022 - Regular Season - 23 - Hapoel Tel Aviv,0,17,,,13,0,24,,,11
155,2023-02-18,1900-01-01 17:30:00,Regular Season,23,Maccabi Bnei Reineh,Maccabi Netanya,12,4,Maccabi Bnei Reineh,1,2,Snir Levi,Green Stadium,1639,2022,0,1,0,0,0,False,False,True,False,False,False,False,False,0,1,2022 - Regular Season - 23 - Maccabi Bnei Reineh,2022 - Regular Season - 23 - Maccabi Netanya,1,18,,,12,0,33,,,5
156,2023-02-18,1900-01-01 18:30:00,Regular Season,23,Hapoel Hadera,Ihud Bnei Sakhnin,10,9,Hapoel Hadera,1,3,Yoav Mizrahi,Netanya Stadium,1350,2022,0,1,0,0,0,False,False,False,True,False,False,False,False,0,1,2022 - Regular Season - 23 - Hapoel Hadera,2022 - Regular Season - 23 - Ihud Bnei Sakhnin,0,26,,,9,0,26,,,10
157,2023-02-18,1900-01-01 18:30:00,Regular Season,23,Hapoel Jerusalem,Sekzia Ness Ziona,5,14,Sekzia Ness Ziona,1,0,Ohad Asulin,Teddy-Kollek-Stadion,1924,2022,1,0,0,0,0,False,False,False,True,False,False,False,False,0,1,2022 - Regular Season - 23 - Hapoel Jerusalem,2022 - Regular Season - 23 - Sekzia Ness Ziona,0,32,,,6,1,17,,,14
158,2023-02-18,1900-01-01 19:30:00,Regular Season,23,FC Ashdod,Maccabi Haifa,7,1,FC Ashdod,3,1,Igal Frid,Yud-Alef Stadion,6470,2022,1,0,0,0,0,False,False,False,False,True,False,False,False,0,1,2022 - Regular Season - 23 - FC Ashdod,2022 - Regular Season - 23 - Maccabi Haifa,0,29,,,8,0,53,,,1
159,2023-02-19,1900-01-01 20:15:00,Regular Season,23,Hapoel Haifa,Beitar Jerusalem,8,6,Hapoel Haifa,0,0,Orel Grinfeld,Sammy Ofer Stadium,10350,2022,0,0,1,0,0,False,False,False,False,False,True,False,False,0,1,2022 - Regular Season - 23 - Hapoel Haifa,2022 - Regular Season - 23 - Beitar Jerusalem,0,28,,,7,0,31,,,4
160,2023-02-20,1900-01-01 20:30:00,Regular Season,23,Maccabi Tel Aviv,Hapoel Beer Sheva,3,2,Maccabi Tel Aviv,1,0,Roi Reinshreiber,Bloomfield,22579,2022,1,0,0,0,0,False,False,False,False,False,True,False,False,0,1,2022 - Regular Season - 23 - Maccabi Tel Aviv,2022 - Regular Season - 23 - Hapoel Beer Sheva,0,48,,,3,0,49,,,2
161,2023-02-25,1900-01-01 15:00:00,Regular Season,24,Hapoel Tel Aviv,FC Ashdod,11,6,Hapoel Tel Aviv,1,2,Orel Grinfeld,Bloomfield,10300,2022,0,1,0,0,0,True,False,False,False,False,False,False,False,0,1,2022 - Regular Season - 24 - Hapoel Tel Aviv,2022 - Regular Season - 24 - FC Ashdod,0,24,,,11,0,32,,,7
162,2023-02-25,1900-01-01 17:30:00,Regular Season,24,Sekzia Ness Ziona,Maccabi Tel Aviv,14,3,Sekzia Ness Ziona,0,2,David Fucsman,HaMoshava Stadium,8596,2022,0,1,0,0,0,False,False,True,False,False,False,False,False,0,1,2022 - Regular Season - 24 - Sekzia Ness Ziona,2022 - Regular Season - 24 - Maccabi Tel Aviv,1,17,,,14,0,51,,,3
163,2023-02-25,1900-01-01 18:30:00,Regular Season,24,Ihud Bnei Sakhnin,Ironi Kiryat Shmona,9,12,Ironi Kiryat Shmona,1,3,Snir Levi,Doha Stadium,3073,2022,0,1,0,0,0,False,False,False,True,False,False,False,False,0,1,2022 - Regular Season - 24 - Ihud Bnei Sakhnin,2022 - Regular Season - 24 - Ironi Kiryat Shmona,0,26,,,9,0,20,,,13
164,2023-02-25,1900-01-01 19:00:00,Regular Season,24,Maccabi Netanya,Hapoel Hadera,4,10,Hapoel Hadera,1,0,Aviad Shiloah,Netanya Stadium,6029,2022,1,0,0,0,0,False,False,False,False,True,False,False,False,0,1,2022 - Regular Season - 24 - Maccabi Netanya,2022 - Regular Season - 24 - Hapoel Hadera,0,36,,,4,0,26,,,10
165,2023-02-25,1900-01-01 20:00:00,Regular Season,24,Maccabi Haifa,Beitar Jerusalem,1,7,Beitar Jerusalem,2,1,Gal Leibovitz,Sammy Ofer Stadium,29352,2022,1,0,0,0,0,False,False,False,False,False,True,False,False,0,1,2022 - Regular Season - 24 - Maccabi Haifa,2022 - Regular Season - 24 - Beitar Jerusalem,0,56,,,1,0,31,,,6
166,2023-02-26,1900-01-01 20:15:00,Regular Season,24,Hapoel Jerusalem,Hapoel Haifa,5,8,Hapoel Haifa,2,2,Igal Frid,Teddy-Kollek-Stadion,1754,2022,0,0,1,0,0,False,False,False,False,False,True,False,False,0,1,2022 - Regular Season - 24 - Hapoel Jerusalem,2022 - Regular Season - 24 - Hapoel Haifa,0,33,,,5,0,29,,,8
167,2023-02-27,1900-01-01 20:00:00,Regular Season,24,Hapoel Beer Sheva,Maccabi Bnei Reineh,2,13,Maccabi Bnei Reineh,2,0,Idan Leiba,Toto Jacob Turner Stadium,10518,2022,1,0,0,0,0,False,False,False,False,False,True,False,False,0,1,2022 - Regular Season - 24 - Hapoel Beer Sheva,2022 - Regular Season - 24 - Maccabi Bnei Reineh,0,52,,,2,1,18,,,12
168,2023-03-04,1900-01-01 15:00:00,Regular Season,25,Ironi Kiryat Shmona,Maccabi Netanya,12,4,Ironi Kiryat Shmona,2,2,Nael Odeh,Kiryat Shmona Municipal Stadium,2314,2022,0,0,1,0,0,True,False,False,False,False,False,False,False,0,1,2022 - Regular Season - 25 - Ironi Kiryat Shmona,2022 - Regular Season - 25 - Maccabi Netanya,0,21,,,12,0,37,,,4
169,2023-03-04,1900-01-01 17:30:00,Regular Season,25,Hapoel Hadera,Hapoel Beer Sheva,11,2,Hapoel Hadera,0,3,David Fucsman,Netanya Stadium,2753,2022,0,1,0,0,0,False,False,True,False,False,False,False,False,0,1,2022 - Regular Season - 25 - Hapoel Hadera,2022 - Regular Season - 25 - Hapoel Beer Sheva,0,26,,,10,0,55,,,2
170,2023-03-04,1900-01-01 18:30:00,Regular Season,25,FC Ashdod,Ihud Bnei Sakhnin,6,9,Ihud Bnei Sakhnin,1,1,Ohad Asulin,Yud-Alef Stadion,2197,2022,0,0,1,0,0,False,False,False,True,False,False,False,False,0,1,2022 - Regular Season - 25 - FC Ashdod,2022 - Regular Season - 25 - Ihud Bnei Sakhnin,0,33,,,6,0,27,,,9
171,2023-03-04,1900-01-01 18:30:00,Regular Season,25,Maccabi Bnei Reineh,Sekzia Ness Ziona,13,14,Sekzia Ness Ziona,3,2,Eitan Shmuelevic,Green Stadium,900,2022,1,0,0,0,0,False,False,False,True,False,False,False,False,0,1,2022 - Regular Season - 25 - Maccabi Bnei Reineh,2022 - Regular Season - 25 - Sekzia Ness Ziona,1,21,,,13,1,17,,,14
172,2023-03-04,1900-01-01 19:30:00,Regular Season,25,Maccabi Tel Aviv,Hapoel Jerusalem,3,5,Hapoel Jerusalem,1,2,Idan Leiba,Bloomfield,22309,2022,0,1,0,0,0,False,False,False,False,True,False,False,False,0,1,2022 - Regular Season - 25 - Maccabi Tel Aviv,2022 - Regular Season - 25 - Hapoel Jerusalem,0,51,,,3,0,36,,,5
173,2023-03-05,1900-01-01 20:15:00,Regular Season,25,Beitar Jerusalem,Hapoel Tel Aviv,7,10,Hapoel Tel Aviv,1,3,Igal Frid,Teddy-Kollek-Stadion,22000,2022,0,1,0,0,0,False,False,False,False,False,True,False,False,0,1,2022 - Regular Season - 25 - Beitar Jerusalem,2022 - Regular Season - 25 - Hapoel Tel Aviv,0,31,,,7,0,27,,,11
174,2023-03-06,1900-01-01 20:30:00,Regular Season,25,Maccabi Haifa,Hapoel Haifa,1,8,Hapoel Haifa,4,1,Snir Levi,Sammy Ofer Stadium,29105,2022,1,0,0,1,0,False,False,False,False,False,True,False,False,0,1,2022 - Regular Season - 25 - Maccabi Haifa,2022 - Regular Season - 25 - Hapoel Haifa,0,59,,,1,0,29,,,8
175,2023-03-11,1900-01-01 20:00:00,Regular Season,26,Hapoel Haifa,Maccabi Tel Aviv,8,3,Hapoel Haifa,1,1,Aviad Shiloah,Sammy Ofer Stadium,5610,2022,0,0,1,0,0,False,False,False,False,False,True,False,False,0,1,2022 - Regular Season - 26 - Hapoel Haifa,2022 - Regular Season - 26 - Maccabi Tel Aviv,0,30,,,8,0,52,,,3
176,2023-03-11,1900-01-01 20:00:00,Regular Season,26,Hapoel Jerusalem,Maccabi Bnei Reineh,5,12,Maccabi Bnei Reineh,0,1,Ohad Asulin,Teddy-Kollek-Stadion,2661,2022,0,1,0,0,0,False,False,False,False,False,True,False,False,0,1,2022 - Regular Season - 26 - Hapoel Jerusalem,2022 - Regular Season - 26 - Maccabi Bnei Reineh,0,36,,,5,1,24,,,13
177,2023-03-11,1900-01-01 20:00:00,Regular Season,26,Sekzia Ness Ziona,Hapoel Hadera,14,10,Sekzia Ness Ziona,1,3,Niv Steif,HaMoshava Stadium,370,2022,0,1,0,0,0,False,False,False,False,False,True,False,False,0,1,2022 - Regular Season - 26 - Sekzia Ness Ziona,2022 - Regular Season - 26 - Hapoel Hadera,1,17,,,14,0,29,,,11
178,2023-03-11,1900-01-01 20:00:00,Regular Season,26,Maccabi Netanya,FC Ashdod,4,6,FC Ashdod,0,2,Snir Levi,Netanya Stadium,6778,2022,0,1,0,0,0,False,False,False,False,False,True,False,False,0,1,2022 - Regular Season - 26 - Maccabi Netanya,2022 - Regular Season - 26 - FC Ashdod,0,37,,,4,0,36,,,6
179,2023-03-11,1900-01-01 20:00:00,Regular Season,26,Ihud Bnei Sakhnin,Beitar Jerusalem,9,7,Ihud Bnei Sakhnin,2,0,Idan Leiba,Doha Stadium,4000,2022,1,0,0,0,0,False,False,False,False,False,True,False,False,0,1,2022 - Regular Season - 26 - Ihud Bnei Sakhnin,2022 - Regular Season - 26 - Beitar Jerusalem,0,30,,,9,0,31,,,7
180,2023-03-12,1900-01-01 20:15:00,Regular Season,26,Hapoel Beer Sheva,Ironi Kiryat Shmona,2,13,Ironi Kiryat Shmona,2,1,Shalom Ben Avraham,Toto Jacob Turner Stadium,11678,2022,1,0,0,0,0,False,False,False,False,False,True,False,False,0,1,2022 - Regular Season - 26 - Hapoel Beer Sheva,2022 - Regular Season - 26 - Ironi Kiryat Shmona,0,58,,,2,0,21,,,12
181,2023-03-13,1900-01-01 20:30:00,Regular Season,26,Hapoel Tel Aviv,Maccabi Haifa,11,1,Hapoel Tel Aviv,0,1,Eitan Shmuelevic,Bloomfield,23900,2022,0,1,0,0,0,False,False,False,False,False,True,False,False,0,1,2022 - Regular Season - 26 - Hapoel Tel Aviv,2022 - Regular Season - 26 - Maccabi Haifa,0,27,,,10,0,62,,,1
182,2023-03-18,1900-01-01 15:00:00,Championship Round,1,Hapoel Beer Sheva,Hapoel Jerusalem,2,5,Hapoel Jerusalem,1,0,Nael Odeh,Toto Jacob Turner Stadium,12536,2022,1,0,0,0,0,True,False,False,False,False,False,False,False,0,1,2022 - Championship Round - 1 - Hapoel Beer Sheva,2022 - Championship Round - 1 - Hapoel Jerusalem,0,61,,,2,0,36,,,5
183,2023-03-18,1900-01-01 17:30:00,Championship Round,1,Maccabi Tel Aviv,Maccabi Netanya,3,4,Maccabi Netanya,2,0,Gal Leibovitz,Bloomfield,16602,2022,1,0,0,0,0,False,False,True,False,False,False,False,False,0,1,2022 - Championship Round - 1 - Maccabi Tel Aviv,2022 - Championship Round - 1 - Maccabi Netanya,0,55,,,3,0,37,,,4
184,2023-03-18,1900-01-01 20:00:00,Championship Round,1,Maccabi Haifa,FC Ashdod,1,6,FC Ashdod,2,1,Aviad Shiloah,Sammy Ofer Stadium,28076,2022,1,0,0,0,0,False,False,False,False,False,True,False,False,0,1,2022 - Championship Round - 1 - Maccabi Haifa,2022 - Championship Round - 1 - FC Ashdod,0,65,,,1,0,36,,,6
185,2023-04-01,1900-01-01 18:30:00,Championship Round,2,Hapoel Jerusalem,Maccabi Tel Aviv,6,3,Hapoel Jerusalem,0,2,David Fucsman,Teddy-Kollek-Stadion,4242,2022,0,1,0,0,0,False,False,False,True,False,False,False,False,0,1,2022 - Championship Round - 2 - Hapoel Jerusalem,2022 - Championship Round - 2 - Maccabi Tel Aviv,0,36,,,5,0,58,,,3
186,2023-04-01,1900-01-01 20:00:00,Championship Round,2,Maccabi Haifa,Hapoel Beer Sheva,1,2,Hapoel Beer Sheva,1,0,Orel Grinfeld,Sammy Ofer Stadium,29875,2022,1,0,0,0,0,False,False,False,False,False,True,False,False,0,1,2022 - Championship Round - 2 - Maccabi Haifa,2022 - Championship Round - 2 - Hapoel Beer Sheva,0,68,,,1,0,61,,,2
187,2023-04-01,1900-01-01 20:00:00,Championship Round,2,FC Ashdod,Maccabi Netanya,4,5,Maccabi Netanya,3,2,Refael Geva,Yud-Alef Stadion,2422,2022,1,0,0,0,0,False,False,False,False,False,True,False,False,0,1,2022 - Championship Round - 2 - FC Ashdod,2022 - Championship Round - 2 - Maccabi Netanya,0,39,,,6,0,37,,,4
188,2023-04-04,1900-01-01 19:45:00,Championship Round,3,Maccabi Netanya,Hapoel Jerusalem,6,4,Maccabi Netanya,0,2,Niv Steif,Netanya Stadium,3484,2022,0,1,0,0,0,False,False,False,False,True,False,False,False,0,0,2022 - Championship Round - 3 - Maccabi Netanya,2022 - Championship Round - 3 - Hapoel Jerusalem,0,37,,,5,0,39,,,6
189,2023-04-04,1900-01-01 20:00:00,Championship Round,3,Hapoel Beer Sheva,FC Ashdod,2,5,FC Ashdod,3,1,Gal Leibovitz,Toto Jacob Turner Stadium,10448,2022,1,0,0,0,0,False,False,False,False,False,True,False,False,0,0,2022 - Championship Round - 3 - Hapoel Beer Sheva,2022 - Championship Round - 3 - FC Ashdod,0,64,,,2,0,39,,,4
190,2023-04-04,1900-01-01 20:30:00,Championship Round,3,Maccabi Tel Aviv,Maccabi Haifa,3,1,Maccabi Tel Aviv,1,1,Roi Reinshreiber,Bloomfield,26330,2022,0,0,1,0,0,False,False,False,False,False,True,False,False,0,1,2022 - Championship Round - 3 - Maccabi Tel Aviv,2022 - Championship Round - 3 - Maccabi Haifa,0,59,,,3,0,69,,,1
191,2023-04-08,1900-01-01 17:30:00,Championship Round,4,FC Ashdod,Hapoel Jerusalem,5,4,FC Ashdod,0,1,Dekel Tzino,Yud-Alef Stadion,2231,2022,0,1,0,0,0,False,False,True,False,False,False,False,False,0,1,2022 - Championship Round - 4 - FC Ashdod,2022 - Championship Round - 4 - Hapoel Jerusalem,0,39,,,5,0,42,,,4
192,2023-04-08,1900-01-01 20:00:00,Championship Round,4,Maccabi Haifa,Maccabi Netanya,1,6,Maccabi Netanya,4,1,Igal Frid,Sammy Ofer Stadium,29431,2022,1,0,0,0,0,False,False,False,False,False,True,False,False,0,1,2022 - Championship Round - 4 - Maccabi Haifa,2022 - Championship Round - 4 - Maccabi Netanya,0,72,,,1,0,37,,,6
193,2023-04-10,1900-01-01 20:30:00,Championship Round,4,Hapoel Beer Sheva,Maccabi Tel Aviv,2,3,Maccabi Tel Aviv,1,2,Eitan Shmuelevic,Toto Jacob Turner Stadium,15114,2022,0,1,0,0,0,False,False,False,False,False,True,False,False,0,1,2022 - Championship Round - 4 - Hapoel Beer Sheva,2022 - Championship Round - 4 - Maccabi Tel Aviv,0,64,,,2,0,62,,,3
194,2023-04-15,1900-01-01 18:30:00,Championship Round,5,Hapoel Jerusalem,Maccabi Haifa,4,1,Hapoel Jerusalem,2,1,Idan Leiba,Teddy-Kollek-Stadion,18755,2022,1,0,0,0,0,False,False,False,True,False,False,False,False,0,1,2022 - Championship Round - 5 - Hapoel Jerusalem,2022 - Championship Round - 5 - Maccabi Haifa,0,45,,,4,0,72,,,1
195,2023-04-15,1900-01-01 20:00:00,Championship Round,5,Maccabi Tel Aviv,FC Ashdod,3,5,FC Ashdod,1,1,Nael Odeh,Bloomfield,15686,2022,0,0,1,0,0,False,False,False,False,False,True,False,False,0,1,2022 - Championship Round - 5 - Maccabi Tel Aviv,2022 - Championship Round - 5 - FC Ashdod,0,63,,,3,0,40,,,5
196,2023-04-16,1900-01-01 20:30:00,Championship Round,5,Maccabi Netanya,Hapoel Beer Sheva,6,2,Maccabi Netanya,1,1,Aviad Shiloah,Netanya Stadium,6341,2022,0,0,1,0,0,False,False,False,False,False,True,False,False,0,1,2022 - Championship Round - 5 - Maccabi Netanya,2022 - Championship Round - 5 - Hapoel Beer Sheva,0,38,,,6,0,65,,,2
197,2023-04-22,1900-01-01 18:30:00,Championship Round,6,Hapoel Jerusalem,Hapoel Beer Sheva,4,2,Hapoel Jerusalem,1,2,Shalom Ben Avraham,Teddy-Kollek-Stadion,2988,2022,0,1,0,0,0,False,False,False,True,False,False,False,False,0,1,2022 - Championship Round - 6 - Hapoel Jerusalem,2022 - Championship Round - 6 - Hapoel Beer Sheva,0,45,,,4,0,68,,,2
198,2023-04-22,1900-01-01 20:00:00,Championship Round,6,Maccabi Netanya,Maccabi Tel Aviv,6,3,Maccabi Netanya,0,0,Snir Levi,Netanya Stadium,8730,2022,0,0,1,0,0,False,False,False,False,False,True,False,False,0,1,2022 - Championship Round - 6 - Maccabi Netanya,2022 - Championship Round - 6 - Maccabi Tel Aviv,0,39,,,6,0,64,,,3
199,2023-04-23,1900-01-01 20:30:00,Championship Round,6,FC Ashdod,Maccabi Haifa,5,1,FC Ashdod,1,2,Orel Grinfeld,Yud-Alef Stadion,6497,2022,0,1,0,0,0,False,False,False,False,False,True,False,False,0,1,2022 - Championship Round - 6 - FC Ashdod,2022 - Championship Round - 6 - Maccabi Haifa,0,40,,,5,0,75,,0.0,1
200,2023-04-29,1900-01-01 18:30:00,Championship Round,7,Maccabi Netanya,FC Ashdod,5,6,FC Ashdod,2,0,Yoav Mizrahi,Netanya Stadium,0,2022,1,0,0,0,0,False,False,False,True,False,False,False,False,0,1,2022 - Championship Round - 7 - Maccabi Netanya,2022 - Championship Round - 7 - FC Ashdod,0,42,,,6,0,40,,,5
201,2023-04-29,1900-01-01 20:00:00,Championship Round,7,Maccabi Tel Aviv,Hapoel Jerusalem,3,4,Hapoel Jerusalem,2,1,Ohad Asulin,Bloomfield,0,2022,1,0,0,0,0,False,False,False,False,False,True,False,False,0,1,2022 - Championship Round - 7 - Maccabi Tel Aviv,2022 - Championship Round - 7 - Hapoel Jerusalem,0,67,,,3,0,45,,,4
202,2023-05-01,1900-01-01 20:30:00,Championship Round,7,Hapoel Beer Sheva,Maccabi Haifa,2,1,Hapoel Beer Sheva,2,1,Roi Reinshreiber,Toto Jacob Turner Stadium,0,2022,1,0,0,0,0,False,False,False,False,False,True,False,False,0,1,2022 - Championship Round - 7 - Hapoel Beer Sheva,2022 - Championship Round - 7 - Maccabi Haifa,0,71,,,2,0,75,,0.0,1
203,2023-03-18,1900-01-01 18:30:00,Relegation Round,1,Hapoel Hadera,Sekzia Ness Ziona,4,8,Sekzia Ness Ziona,1,2,Igal Frid,Netanya Stadium,648,2022,0,1,0,0,0,False,False,False,True,False,False,False,False,0,1,2022 - Relegation Round - 1 - Hapoel Hadera,2022 - Relegation Round - 1 - Sekzia Ness Ziona,0,29,,,10,1,20,,,14
204,2023-03-18,1900-01-01 19:30:00,Relegation Round,1,Beitar Jerusalem,Hapoel Tel Aviv,3,5,Hapoel Tel Aviv,2,1,Roi Reinshreiber,Teddy-Kollek-Stadion,9000,2022,1,0,0,0,0,False,False,False,False,True,False,False,False,0,1,2022 - Relegation Round - 1 - Beitar Jerusalem,2022 - Relegation Round - 1 - Hapoel Tel Aviv,0,34,,,7,0,27,,,11
205,2023-03-19,1900-01-01 19:00:00,Relegation Round,1,Ihud Bnei Sakhnin,Maccabi Bnei Reineh,2,6,Maccabi Bnei Reineh,2,2,Orel Grinfeld,Doha Stadium,1000,2022,0,0,1,0,0,False,False,False,False,True,False,False,False,0,1,2022 - Relegation Round - 1 - Ihud Bnei Sakhnin,2022 - Relegation Round - 1 - Maccabi Bnei Reineh,0,31,,,9,1,25,,,12
206,2023-03-19,1900-01-01 20:15:00,Relegation Round,1,Hapoel Haifa,Ironi Kiryat Shmona,1,7,Ironi Kiryat Shmona,1,1,David Fucsman,Sammy Ofer Stadium,700,2022,0,0,1,0,0,False,False,False,False,False,True,False,False,0,1,2022 - Relegation Round - 1 - Hapoel Haifa,2022 - Relegation Round - 1 - Ironi Kiryat Shmona,0,31,,,8,0,22,,,13
207,2023-04-01,1900-01-01 16:00:00,Relegation Round,2,Hapoel Tel Aviv,Sekzia Ness Ziona,4,8,Sekzia Ness Ziona,2,1,Idan Leiba,Bloomfield,9360,2022,1,0,0,0,0,False,True,False,False,False,False,False,False,0,1,2022 - Relegation Round - 2 - Hapoel Tel Aviv,2022 - Relegation Round - 2 - Sekzia Ness Ziona,0,30,,,5,1,20,,,8
208,2023-04-02,1900-01-01 20:30:00,Relegation Round,2,Ironi Kiryat Shmona,Ihud Bnei Sakhnin,7,2,Ironi Kiryat Shmona,2,2,Eitan Shmuelevic,Kiryat Shmona Municipal Stadium,1219,2022,0,0,1,0,0,False,False,False,False,False,True,False,False,0,1,2022 - Relegation Round - 2 - Ironi Kiryat Shmona,2022 - Relegation Round - 2 - Ihud Bnei Sakhnin,0,23,,,7,0,32,,,3
209,2023-04-02,1900-01-01 20:30:00,Relegation Round,2,Maccabi Bnei Reineh,Hapoel Hadera,6,5,Maccabi Bnei Reineh,1,1,Snir Levi,Green Stadium,914,2022,0,0,1,0,0,False,False,False,False,False,True,False,False,0,1,2022 - Relegation Round - 2 - Maccabi Bnei Reineh,2022 - Relegation Round - 2 - Hapoel Hadera,1,26,,,6,0,30,,,4
210,2023-04-03,1900-01-01 20:15:00,Relegation Round,2,Beitar Jerusalem,Hapoel Haifa,1,3,Hapoel Haifa,2,0,Yoav Mizrahi,Teddy-Kollek-Stadion,5336,2022,1,0,0,0,0,False,False,False,False,False,True,False,False,0,1,2022 - Relegation Round - 2 - Beitar Jerusalem,2022 - Relegation Round - 2 - Hapoel Haifa,0,37,,,1,0,31,,,2
211,2023-04-15,1900-01-01 16:00:00,Relegation Round,3,Hapoel Haifa,Hapoel Tel Aviv,2,5,Hapoel Tel Aviv,1,0,Shalom Ben Avraham,Sammy Ofer Stadium,3950,2022,1,0,0,0,0,False,True,False,False,False,False,False,False,0,1,2022 - Relegation Round - 3 - Hapoel Haifa,2022 - Relegation Round - 3 - Hapoel Tel Aviv,0,34,,,3,0,30,,,4
212,2023-04-15,1900-01-01 20:00:00,Relegation Round,3,Sekzia Ness Ziona,Maccabi Bnei Reineh,8,6,Sekzia Ness Ziona,1,2,David Fucsman,HaMoshava Stadium,419,2022,0,1,0,0,0,False,False,False,False,False,True,False,False,0,1,2022 - Relegation Round - 3 - Sekzia Ness Ziona,2022 - Relegation Round - 3 - Maccabi Bnei Reineh,1,20,,,8,1,29,,,6
213,2023-04-15,1900-01-01 20:00:00,Relegation Round,3,Hapoel Hadera,Ironi Kiryat Shmona,4,7,Ironi Kiryat Shmona,1,1,Roi Reinshreiber,Netanya Stadium,980,2022,0,0,1,0,0,False,False,False,False,False,True,False,False,0,1,2022 - Relegation Round - 3 - Hapoel Hadera,2022 - Relegation Round - 3 - Ironi Kiryat Shmona,0,31,,,5,0,24,,,7
214,2023-04-16,1900-01-01 20:15:00,Relegation Round,3,Ihud Bnei Sakhnin,Beitar Jerusalem,1,3,Beitar Jerusalem,4,3,Snir Levi,HaMoshava Stadium,5656,2022,1,0,0,0,0,False,False,False,False,False,True,False,False,0,1,2022 - Relegation Round - 3 - Ihud Bnei Sakhnin,2022 - Relegation Round - 3 - Beitar Jerusalem,0,35,,,2,0,37,,,1
215,2023-04-22,1900-01-01 16:00:00,Relegation Round,4,Hapoel Tel Aviv,Maccabi Bnei Reineh,6,4,Hapoel Tel Aviv,1,2,Aviad Shiloah,Bloomfield,9122,2022,0,1,0,0,0,False,True,False,False,False,False,False,False,0,1,2022 - Relegation Round - 4 - Hapoel Tel Aviv,2022 - Relegation Round - 4 - Maccabi Bnei Reineh,0,30,,,5,1,32,,,6
216,2023-04-22,1900-01-01 20:00:00,Relegation Round,4,Ironi Kiryat Shmona,Sekzia Ness Ziona,7,8,Sekzia Ness Ziona,1,1,Igal Frid,Kiryat Shmona Municipal Stadium,1380,2022,0,0,1,0,0,False,False,False,False,False,True,False,False,0,1,2022 - Relegation Round - 4 - Ironi Kiryat Shmona,2022 - Relegation Round - 4 - Sekzia Ness Ziona,0,25,,,7,1,21,,,8
217,2023-04-22,1900-01-01 20:00:00,Relegation Round,4,Hapoel Haifa,Ihud Bnei Sakhnin,3,2,Hapoel Haifa,2,2,Majed Rushrush,Sammy Ofer Stadium,1850,2022,0,0,1,0,0,False,False,False,False,False,True,False,False,0,1,2022 - Relegation Round - 4 - Hapoel Haifa,2022 - Relegation Round - 4 - Ihud Bnei Sakhnin,0,35,,,3,0,36,,,2
218,2023-04-23,1900-01-01 20:15:00,Relegation Round,4,Beitar Jerusalem,Hapoel Hadera,1,5,Hapoel Hadera,2,1,Gal Levi,HaMoshava Stadium,4697,2022,1,0,0,0,0,False,False,False,False,False,True,False,False,0,1,2022 - Relegation Round - 4 - Beitar Jerusalem,2022 - Relegation Round - 4 - Hapoel Hadera,0,40,,,1,0,31,,,4
219,2023-04-29,1900-01-01 17:00:00,Relegation Round,5,Maccabi Bnei Reineh,Ironi Kiryat Shmona,5,7,Ironi Kiryat Shmona,1,3,Orel Grinfeld,Green Stadium,0,2022,0,1,0,0,0,False,False,True,False,False,False,False,False,0,1,2022 - Relegation Round - 5 - Maccabi Bnei Reineh,2022 - Relegation Round - 5 - Ironi Kiryat Shmona,1,32,,,4,0,28,0.0,,7
220,2023-04-29,1900-01-01 20:00:00,Relegation Round,5,Sekzia Ness Ziona,Beitar Jerusalem,8,1,Sekzia Ness Ziona,1,3,Nael Odeh,HaMoshava Stadium,0,2022,0,1,0,0,0,False,False,False,False,False,True,False,False,0,1,2022 - Relegation Round - 5 - Sekzia Ness Ziona,2022 - Relegation Round - 5 - Beitar Jerusalem,1,21,0.0,,8,0,43,,,1
221,2023-04-30,1900-01-01 19:00:00,Relegation Round,5,Hapoel Hadera,Hapoel Haifa,6,2,Hapoel Hadera,1,2,Dekel Tzino,Netanya Stadium,0,2022,0,1,0,0,0,False,False,False,False,True,False,False,False,0,1,2022 - Relegation Round - 5 - Hapoel Hadera,2022 - Relegation Round - 5 - Hapoel Haifa,0,31,,,5,0,38,,,3
222,2023-04-30,1900-01-01 20:15:00,Relegation Round,5,Ihud Bnei Sakhnin,Hapoel Tel Aviv,3,4,Hapoel Tel Aviv,0,1,Gal Leibovitz,Doha Stadium,0,2022,0,1,0,0,0,False,False,False,False,False,True,False,False,0,1,2022 - Relegation Round - 5 - Ihud Bnei Sakhnin,2022 - Relegation Round - 5 - Hapoel Tel Aviv,0,36,,,2,0,33,,,6
223,2023-05-06,1900-01-01 18:45:00,Relegation Round,6,Hapoel Tel Aviv,Ironi Kiryat Shmona,5,7,Ironi Kiryat Shmona,2,2,Roi Reinshreiber,Bloomfield,0,2022,0,0,1,0,0,False,False,False,True,False,False,False,False,0,1,2022 - Relegation Round - 6 - Hapoel Tel Aviv,2022 - Relegation Round - 6 - Ironi Kiryat Shmona,0,34,,,4,0,29,0.0,,7
224,2023-05-06,1900-01-01 18:45:00,Relegation Round,6,Beitar Jerusalem,Maccabi Bnei Reineh,1,4,Maccabi Bnei Reineh,0,1,David Fucsman,Teddy-Kollek-Stadion,0,2022,0,1,0,0,0,False,False,False,True,False,False,False,False,0,1,2022 - Relegation Round - 6 - Beitar Jerusalem,2022 - Relegation Round - 6 - Maccabi Bnei Reineh,0,43,,,1,1,35,,,5
225,2023-05-06,1900-01-01 18:45:00,Relegation Round,6,Ihud Bnei Sakhnin,Hapoel Hadera,3,6,Hapoel Hadera,2,3,Idan Leiba,Doha Stadium,0,2022,0,1,0,0,0,False,False,False,True,False,False,False,False,0,1,2022 - Relegation Round - 6 - Ihud Bnei Sakhnin,2022 - Relegation Round - 6 - Hapoel Hadera,0,36,,,3,0,34,,,6
226,2023-05-06,1900-01-01 18:45:00,Relegation Round,6,Hapoel Haifa,Sekzia Ness Ziona,2,8,Sekzia Ness Ziona,0,1,Refael Geva,Sammy Ofer Stadium,0,2022,0,1,0,0,0,False,False,False,True,False,False,False,False,0,1,2022 - Relegation Round - 6 - Hapoel Haifa,2022 - Relegation Round - 6 - Sekzia Ness Ziona,0,38,,,2,1,24,1.0,,8
